Stock,Send order,Trigger,Market,Percentage,close_time,stop loss
AAPL,-3,-0.87,smart,150,15:55,1
MSFT,-3,-2,smart,150,15:55,1
GOOG,-3,-2,smart,150,15:55,1
GOOGL,-3,-2,smart,150,15:55,1
AMZN,-3,-2,smart,150,15:55,1
NVDA,-3,-2,smart,150,15:55,1
TSLA,-3,-2,smart,150,15:55,1
META,-3,-2,smart,150,15:55,1
LLY,-3,-2,smart,150,15:55,1
UNH,-3,-2,smart,150,15:55,1
V,-3,-2,smart,150,15:55,1
XOM,-3,-2,smart,150,15:55,1
TSM,-3,-2,smart,150,15:55,1
JPM,-3,-2,smart,150,15:55,1
WMT,-3,-2,smart,150,15:55,1
NVO,-3,-2,smart,150,15:55,1
JNJ,-3,-2,smart,150,15:55,1
MA,-3,-2,smart,150,15:55,1
TCEHY,-3,-2,smart,150,15:55,1
AVGO,-3,-2,smart,150,15:55,1
PG,-3,-2,smart,150,15:55,1
CVX,-3,-2,smart,150,15:55,1
ORCL,-3,-2,smart,150,15:55,1
HD,-3,-2,smart,150,15:55,1
NSRGY,-3,-2,smart,150,15:55,1
MRK,-3,-2,smart,150,15:55,1
ABBV,-3,-2,smart,150,15:55,1
COST,-3,-2,smart,150,15:55,1
ADBE,-3,-2,smart,150,15:55,1
TM,-3,-2,smart,150,15:55,1
ASML,-3,-2,smart,150,15:55,1
KO,-3,-2,smart,150,15:55,1
PEP,-3,-2,smart,150,15:55,1
RHHBY,-3,-2,smart,150,15:55,1
CSCO,-3,-2,smart,150,15:55,1
IDCBY,-3,-2,smart,150,15:55,1
SHEL,-3,-2,smart,150,15:55,1
BABA,-3,-2,smart,150,15:55,1
AZN,-3,-2,smart,150,15:55,1
BAC,-3,-2,smart,150,15:55,1
CRM,-3,-2,smart,150,15:55,1
ACN,-6,-5,smart,125,15:55,1
NVS,-6,-5,smart,125,15:55,1
TMO,-6,-5,smart,125,15:55,1
PFE,-6,-5,smart,125,15:55,1
LIN,-6,-5,smart,125,15:55,1
MCD,-6,-5,smart,125,15:55,1
CMCSA,-6,-5,smart,125,15:55,1
AMD,-6,-5,smart,125,15:55,1
NFLX,-6,-5,smart,125,15:55,1
ABT,-6,-5,smart,125,15:55,1
TMUS,-6,-5,smart,125,15:55,1
DHR,-6,-5,smart,125,15:55,1
HSBC,-6,-5,smart,125,15:55,1
SAP,-6,-5,smart,125,15:55,1
TTE,-6,-5,smart,125,15:55,1
DIS,-6,-5,smart,125,15:55,1
INTC,-6,-5,smart,125,15:55,1
INTU,-6,-5,smart,125,15:55,1
NKE,-6,-5,smart,125,15:55,1
WFC,-6,-5,smart,125,15:55,1
AMGN,-6,-5,smart,125,15:55,1
TXN,-6,-5,smart,125,15:55,1
PM,-6,-5,smart,125,15:55,1
BHP,-6,-5,smart,125,15:55,1
MS,-6,-5,smart,125,15:55,1
HDB,-6,-5,smart,125,15:55,1
COP,-6,-5,smart,125,15:55,1
CAT,-6,-5,smart,125,15:55,1
SNY,-6,-5,smart,125,15:55,1
UPS,-6,-5,smart,125,15:55,1
PDD,-6,-5,smart,125,15:55,1
IBM,-6,-5,smart,125,15:55,1
VZ,-6,-5,smart,125,15:55,1
QCOM,-6,-5,smart,125,15:55,1
BX,-6,-5,smart,125,15:55,1
UNP,-6,-5,smart,125,15:55,1
UL,-6,-5,smart,125,15:55,1
HON,-6,-5,smart,125,15:55,1
GE,-6,-5,smart,125,15:55,1
BMY,-6,-5,smart,125,15:55,1
RY,-6,-5,smart,125,15:55,1
AMAT,-6,-5,smart,125,15:55,1
SPGI,-6,-5,smart,125,15:55,1
LOW,-6,-5,smart,125,15:55,1
IDEXY,-6,-5,smart,125,15:55,1
NOW,-6,-5,smart,125,15:55,1
BA,-6,-5,smart,125,15:55,1
AXP,-6,-5,smart,125,15:55,1
DE,-6,-5,smart,125,15:55,1
GS,-6,-5,smart,125,15:55,1
BKNG,-6,-5,smart,125,15:55,1
ELV,-6,-5,smart,125,15:55,1
SBUX,-6,-5,smart,125,15:55,1
TD,-6,-5,smart,125,15:55,1
BP,-6,-5,smart,125,15:55,1
DTEGY,-6,-5,smart,125,15:55,1
BUD,-6,-5,smart,125,15:55,1
ISRG,-6,-5,smart,125,15:55,1
T,-6,-5,smart,125,15:55,1
PLD,-6,-5,smart,125,15:55,1
ADP,-6,-5,smart,125,15:55,1
RTX,-6,-5,smart,125,15:55,1
TJX,-6,-5,smart,125,15:55,1
MDT,-6,-5,smart,125,15:55,1
SYK,-6,-5,smart,125,15:55,1
SONY,-6,-5,smart,125,15:55,1
MUFG,-6,-5,smart,125,15:55,1
NEE,-6,-5,smart,125,15:55,1
LMT,-6,-5,smart,125,15:55,1
RIO,-6,-5,smart,125,15:55,1
AAGIY,-6,-5,smart,125,15:55,1
BLK,-6,-5,smart,125,15:55,1
MMC,-6,-5,smart,125,15:55,1
SCHW,-6,-5,smart,125,15:55,1
UBER,-6,-5,smart,125,15:55,1
GILD,-6,-5,smart,125,15:55,1
VRTX,-6,-5,smart,125,15:55,1
EQNR,-6,-5,smart,125,15:55,1
BYDDY,-6,-5,smart,125,15:55,1
CVS,-6,-5,smart,125,15:55,1
REGN,-6,-5,smart,125,15:55,1
ADI,-6,-5,smart,125,15:55,1
CB,-6,-5,smart,125,15:55,1
PBR,-6,-5,smart,125,15:55,1
MDLZ,-6,-5,smart,125,15:55,1
CI,-6,-5,smart,125,15:55,1
DEO,-6,-5,smart,125,15:55,1
PGR,-6,-5,smart,125,15:55,1
ETN,-6,-5,smart,125,15:55,1
LRCX,-6,-5,smart,125,15:55,1
ABNB,-6,-5,smart,125,15:55,1
ZTS,-6,-5,smart,125,15:55,1
SLB,-6,-5,smart,125,15:55,1
UBS,-6,-5,smart,125,15:55,1
IBN,-6,-5,smart,125,15:55,1
C,-6,-5,smart,125,15:55,1
BSX,-6,-5,smart,125,15:55,1
MU,-6,-5,smart,125,15:55,1
PANW,-6,-5,smart,125,15:55,1
BDX,-6,-5,smart,125,15:55,1
CME,-6,-5,smart,125,15:55,1
MO,-6,-5,smart,125,15:55,1
PROSY,-6,-5,smart,125,15:55,1
BNPQY,-6,-5,smart,125,15:55,1
AMT,-6,-5,smart,125,15:55,1
ATVI,-6,-5,smart,125,15:55,1
GSK,-6,-5,smart,125,15:55,1
INFY,-6,-5,smart,125,15:55,1
CHTR,-6,-5,smart,125,15:55,1
VMW,-6,-5,smart,125,15:55,1
SNPS,-6,-5,smart,125,15:55,1
MBGYY,-6,-5,smart,125,15:55,1
ITW,-6,-5,smart,125,15:55,1
EOG,-6,-5,smart,125,15:55,1
SO,-6,-5,smart,125,15:55,1
CFRUY,-6,-5,smart,125,15:55,1
CNI,-6,-5,smart,125,15:55,1
FI,-6,-5,smart,125,15:55,1
SHOP,-6,-5,smart,125,15:55,1
CP,-6,-5,smart,125,15:55,1
EQIX,-6,-5,smart,125,15:55,1
BTI,-6,-5,smart,125,15:55,1
ENB,-6,-5,smart,125,15:55,1
ABBNY,-6,-5,smart,125,15:55,1
CNQ,-6,-5,smart,125,15:55,1
HCA,-6,-5,smart,125,15:55,1
GLNCY,-6,-5,smart,125,15:55,1
DUK,-6,-5,smart,125,15:55,1
AON,-6,-5,smart,125,15:55,1
VWAGY,-6,-5,smart,125,15:55,1
CDNS,-6,-5,smart,125,15:55,1
SHW,-6,-5,smart,125,15:55,1
RELX,-6,-5,smart,125,15:55,1
FDX,-6,-5,smart,125,15:55,1
SMFG,-6,-5,smart,125,15:55,1
KDDIY,-6,-5,smart,125,15:55,1
KLAC,-6,-5,smart,125,15:55,1
NOC,-6,-5,smart,125,15:55,1
PYPL,-6,-5,smart,125,15:55,1
WM,-6,-5,smart,125,15:55,1
APD,-6,-5,smart,125,15:55,1
VWAPY,-6,-5,smart,125,15:55,1
ICE,-6,-5,smart,125,15:55,1
NTES,-6,-5,smart,125,15:55,1
CSX,-6,-5,smart,125,15:55,1
MELI,-6,-5,smart,125,15:55,1
HUM,-6,-5,smart,125,15:55,1
SAN,-6,-5,smart,125,15:55,1
MCK,-6,-5,smart,125,15:55,1
ANET,-6,-5,smart,125,15:55,1
GD,-6,-5,smart,125,15:55,1
SFTBY,-6,-5,smart,125,15:55,1
ENLAY,-6,-5,smart,125,15:55,1
STLA,-6,-5,smart,125,15:55,1
MAR,-6,-5,smart,125,15:55,1
EPD,-6,-5,smart,125,15:55,1
MCO,-6,-5,smart,125,15:55,1
BMO,-6,-5,smart,125,15:55,1
MPC,-6,-5,smart,125,15:55,1
ATLKY,-6,-5,smart,125,15:55,1
SCCO,-6,-5,smart,125,15:55,1
TRI,-6,-5,smart,125,15:55,1
CL,-6,-5,smart,125,15:55,1
VALE,-6,-5,smart,125,15:55,1
WDAY,-6,-5,smart,125,15:55,1
PXD,-6,-5,smart,125,15:55,1
RACE,-6,-5,smart,125,15:55,1
EMR,-6,-5,smart,125,15:55,1
ORLY,-6,-5,smart,125,15:55,1
OXY,-6,-5,smart,125,15:55,1
ARM,-6,-5,smart,125,15:55,1
KKR,-6,-5,smart,125,15:55,1
HMC,-6,-5,smart,125,15:55,1
ROP,-6,-5,smart,125,15:55,1
FCX,-6,-5,smart,125,15:55,1
AMX,-6,-5,smart,125,15:55,1
SNOW,-6,-5,smart,125,15:55,1
EL,-6,-5,smart,125,15:55,1
BNS,-6,-5,smart,125,15:55,1
MNST,-6,-5,smart,125,15:55,1
TEAM,-6,-5,smart,125,15:55,1
NXPI,-6,-5,smart,125,15:55,1
APO,-6,-5,smart,125,15:55,1
E,-6,-5,smart,125,15:55,1
CMG,-6,-5,smart,125,15:55,1
PH,-6,-5,smart,125,15:55,1
RBGLY,-6,-5,smart,125,15:55,1
BAM,-6,-5,smart,125,15:55,1
CTAS,-6,-5,smart,125,15:55,1
AJG,-6,-5,smart,125,15:55,1
NWG,-6,-5,smart,125,15:55,1
USB,-6,-5,smart,125,15:55,1
APH,-6,-5,smart,125,15:55,1
PSX,-6,-5,smart,125,15:55,1
RCRUY,-6,-5,smart,125,15:55,1
MMM,-6,-5,smart,125,15:55,1
CHGCY,-6,-5,smart,125,15:55,1
TGT,-6,-5,smart,125,15:55,1
NTDOY,-6,-5,smart,125,15:55,1
BBVA,-6,-5,smart,125,15:55,1
ECL,-6,-5,smart,125,15:55,1
ITUB,-6,-5,smart,125,15:55,1
PNC,-6,-5,smart,125,15:55,1
DELL,-6,-5,smart,125,15:55,1
BN,-6,-5,smart,125,15:55,1
F,-6,-5,smart,125,15:55,1
ING,-6,-5,smart,125,15:55,1
MRVL,-6,-5,smart,125,15:55,1
LUKOY,-6,-5,smart,125,15:55,1
FTNT,-6,-5,smart,125,15:55,1
TT,-6,-5,smart,125,15:55,1
TDG,-6,-5,smart,125,15:55,1
TAK,-6,-5,smart,125,15:55,1
PSA,-6,-5,smart,125,15:55,1
LULU,-6,-5,smart,125,15:55,1
MET,-6,-5,smart,125,15:55,1
MSI,-6,-5,smart,125,15:55,1
AFL,-6,-5,smart,125,15:55,1
BAYRY,-6,-5,smart,125,15:55,1
PCAR,-6,-5,smart,125,15:55,1
ISNPY,-6,-5,smart,125,15:55,1
CARR,-6,-5,smart,125,15:55,1
BIDU,-6,-5,smart,125,15:55,1
RSG,-6,-5,smart,125,15:55,1
VLO,-6,-5,smart,125,15:55,1
ODFL,-6,-5,smart,125,15:55,1
JD,-6,-5,smart,125,15:55,1
ADSK,-6,-5,smart,125,15:55,1
EW,-6,-5,smart,125,15:55,1
HES,-6,-5,smart,125,15:55,1
STZ,-6,-5,smart,125,15:55,1
NSC,-6,-5,smart,125,15:55,1
MCHP,-6,-5,smart,125,15:55,1
AIG,-6,-5,smart,125,15:55,1
WELL,-6,-5,smart,125,15:55,1
CPRT,-6,-5,smart,125,15:55,1
PRNDY,-6,-5,smart,125,15:55,1
ET,-6,-5,smart,125,15:55,1
MFG,-6,-5,smart,125,15:55,1
GM,-6,-5,smart,125,15:55,1
PAYX,-6,-5,smart,125,15:55,1
NGG,-6,-5,smart,125,15:55,1
SRE,-6,-5,smart,125,15:55,1
UNCRY,-6,-5,smart,125,15:55,1
CRWD,-6,-5,smart,125,15:55,1
KDP,-6,-5,smart,125,15:55,1
SU,-6,-5,smart,125,15:55,1
WDS,-6,-5,smart,125,15:55,1
WMB,-6,-5,smart,125,15:55,1
MSCI,-6,-5,smart,125,15:55,1
TTD,-6,-5,smart,125,15:55,1
ABEV,-6,-5,smart,125,15:55,1
STM,-6,-5,smart,125,15:55,1
SGEN,-6,-5,smart,125,15:55,1
KMB,-6,-5,smart,125,15:55,1
CRH,-6,-5,smart,125,15:55,1
LNG,-6,-5,smart,125,15:55,1
HLT,-6,-5,smart,125,15:55,1
HSY,-6,-5,smart,125,15:55,1
MRNA,-6,-5,smart,125,15:55,1
SBGSY,-6,-5,smart,125,15:55,1
CCI,-6,-5,smart,125,15:55,1
SPG,-6,-5,smart,125,15:55,1
KHC,-6,-5,smart,125,15:55,1
BSBR,-6,-5,smart,125,15:55,1
ON,-6,-5,smart,125,15:55,1
NUE,-6,-5,smart,125,15:55,1
ADM,-6,-5,smart,125,15:55,1
TEL,-6,-5,smart,125,15:55,1
BIIB,-6,-5,smart,125,15:55,1
ROST,-6,-5,smart,125,15:55,1
CNC,-6,-5,smart,125,15:55,1
HLN,-6,-5,smart,125,15:55,1
IBKR,-6,-5,smart,125,15:55,1
KVUE,-6,-5,smart,125,15:55,1
FMX,-6,-5,smart,125,15:55,1
CRARY,-6,-5,smart,125,15:55,1
EXC,-6,-5,smart,125,15:55,1
ALC,-6,-5,smart,125,15:55,1
TRV,-6,-5,smart,125,15:55,1
IDXX,-6,-5,smart,125,15:55,1
OKE,-6,-5,smart,125,15:55,1
CVE,-6,-5,smart,125,15:55,1
AEP,-6,-5,smart,125,15:55,1
COR,-6,-5,smart,125,15:55,1
IQV,-6,-5,smart,125,15:55,1
TFC,-6,-5,smart,125,15:55,1
BAESY,-6,-5,smart,125,15:55,1
KMI,-6,-5,smart,125,15:55,1
DLR,-6,-5,smart,125,15:55,1
GIS,-6,-5,smart,125,15:55,1
GWW,-6,-5,smart,125,15:55,1
COF,-6,-5,smart,125,15:55,1
O,-6,-5,smart,125,15:55,1
CTVA,-6,-5,smart,125,15:55,1
PLTR,-6,-5,smart,125,15:55,1
JCI,-6,-5,smart,125,15:55,1
DOW,-6,-5,smart,125,15:55,1
DHI,-6,-5,smart,125,15:55,1
DANOY,-6,-5,smart,125,15:55,1
MPLX,-6,-5,smart,125,15:55,1
LVS,-6,-5,smart,125,15:55,1
HAL,-6,-5,smart,125,15:55,1
WCN,-6,-5,smart,125,15:55,1
LI,-6,-5,smart,125,15:55,1
VRSK,-6,-5,smart,125,15:55,1
DD,-6,-5,smart,125,15:55,1
CEG,-6,-5,smart,125,15:55,1
AME,-6,-5,smart,125,15:55,1
TRP,-6,-5,smart,125,15:55,1
D,-6,-5,smart,125,15:55,1
CM,-6,-5,smart,125,15:55,1
CTSH,-6,-5,smart,125,15:55,1
BCE,-6,-5,smart,125,15:55,1
NU,-6,-5,smart,125,15:55,1
PRU,-6,-5,smart,125,15:55,1
VEEV,-6,-5,smart,125,15:55,1
BKR,-6,-5,smart,125,15:55,1
YUM,-6,-5,smart,125,15:55,1
MRAAY,-6,-5,smart,125,15:55,1
AMP,-6,-5,smart,125,15:55,1
ROK,-6,-5,smart,125,15:55,1
IMO,-6,-5,smart,125,15:55,1
FERG,-6,-5,smart,125,15:55,1
MFC,-6,-5,smart,125,15:55,1
FANG,-6,-5,smart,125,15:55,1
ARES,-6,-5,smart,125,15:55,1
EA,-6,-5,smart,125,15:55,1
CSGP,-6,-5,smart,125,15:55,1
OTIS,-6,-5,smart,125,15:55,1
BK,-6,-5,smart,125,15:55,1
MBLY,-6,-5,smart,125,15:55,1
LYG,-6,-5,smart,125,15:55,1
A,-6,-5,smart,125,15:55,1
CMI,-6,-5,smart,125,15:55,1
DXCM,-6,-5,smart,125,15:55,1
FAST,-6,-5,smart,125,15:55,1
FIS,-6,-5,smart,125,15:55,1
NGLOY,-6,-5,smart,125,15:55,1
SYY,-6,-5,smart,125,15:55,1
XEL,-6,-5,smart,125,15:55,1
CPNG,-6,-5,smart,125,15:55,1
PPG,-6,-5,smart,125,15:55,1
GFS,-6,-5,smart,125,15:55,1
KR,-6,-5,smart,125,15:55,1
SPOT,-6,-5,smart,125,15:55,1
LEN,-6,-5,smart,125,15:55,1
LHX,-6,-5,smart,125,15:55,1
SUHJY,-6,-5,smart,125,15:55,1
PCG,-6,-5,smart,125,15:55,1
ORAN,-6,-5,smart,125,15:55,1
GEHC,-6,-5,smart,125,15:55,1
DDOG,-6,-5,smart,125,15:55,1
ACGL,-6,-5,smart,125,15:55,1
GPN,-6,-5,smart,125,15:55,1
NEM,-6,-5,smart,125,15:55,1
URI,-6,-5,smart,125,15:55,1
ALL,-6,-5,smart,125,15:55,1
ED,-6,-5,smart,125,15:55,1
LYB,-6,-5,smart,125,15:55,1
DASH,-6,-5,smart,125,15:55,1
NTR,-6,-5,smart,125,15:55,1
ARGX,-6,-5,smart,125,15:55,1
VICI,-6,-5,smart,125,15:55,1
QSR,-6,-5,smart,125,15:55,1
PKX,-6,-5,smart,125,15:55,1
PUK,-6,-5,smart,125,15:55,1
PEG,-6,-5,smart,125,15:55,1
VMC,-6,-5,smart,125,15:55,1
SLF,-6,-5,smart,125,15:55,1
BCS,-6,-5,smart,125,15:55,1
DVN,-6,-5,smart,125,15:55,1
IT,-6,-5,smart,125,15:55,1
BBD,-6,-5,smart,125,15:55,1
WST,-6,-5,smart,125,15:55,1
CDW,-6,-5,smart,125,15:55,1
BDORY,-6,-5,smart,125,15:55,1
APTV,-6,-5,smart,125,15:55,1
SQ,-6,-5,smart,125,15:55,1
MLM,-6,-5,smart,125,15:55,1
CCEP,-6,-5,smart,125,15:55,1
FTV,-6,-5,smart,125,15:55,1
BNTX,-6,-5,smart,125,15:55,1
EXR,-6,-5,smart,125,15:55,1
IR,-6,-5,smart,125,15:55,1
GOLD,-6,-5,smart,125,15:55,1
ANSS,-6,-5,smart,125,15:55,1
HPQ,-6,-5,smart,125,15:55,1
WIT,-6,-5,smart,125,15:55,1
WEC,-6,-5,smart,125,15:55,1
FNV,-6,-5,smart,125,15:55,1
GLW,-6,-5,smart,125,15:55,1
PWR,-6,-5,smart,125,15:55,1
WBD,-6,-5,smart,125,15:55,1
FANUY,-6,-5,smart,125,15:55,1
MDB,-6,-5,smart,125,15:55,1
VOD,-6,-5,smart,125,15:55,1
SPLK,-6,-5,smart,125,15:55,1
AVB,-6,-5,smart,125,15:55,1
NDAQ,-6,-5,smart,125,15:55,1
ASAZY,-6,-5,smart,125,15:55,1
TU,-6,-5,smart,125,15:55,1
TTWO,-6,-5,smart,125,15:55,1
HUBS,-6,-5,smart,125,15:55,1
TLK,-6,-5,smart,125,15:55,1
ZS,-6,-5,smart,125,15:55,1
SE,-6,-5,smart,125,15:55,1
DAL,-6,-5,smart,125,15:55,1
EIX,-6,-5,smart,125,15:55,1
RCL,-6,-5,smart,125,15:55,1
KEYS,-6,-5,smart,125,15:55,1
ZBH,-6,-5,smart,125,15:55,1
EQR,-6,-5,smart,125,15:55,1
ADYEY,-6,-5,smart,125,15:55,1
AWK,-6,-5,smart,125,15:55,1
DLTR,-6,-5,smart,125,15:55,1
HXGBY,-6,-5,smart,125,15:55,1
TROW,-6,-5,smart,125,15:55,1
EBAY,-6,-5,smart,125,15:55,1
TEF,-6,-5,smart,125,15:55,1
GMAB,-6,-5,smart,125,15:55,1
DG,-6,-5,smart,125,15:55,1
MPWR,-6,-5,smart,125,15:55,1
EFX,-6,-5,smart,125,15:55,1
ALNY,-6,-5,smart,125,15:55,1
YUMC,-6,-5,smart,125,15:55,1
AEM,-6,-5,smart,125,15:55,1
ILMN,-6,-5,smart,125,15:55,1
DFS,-6,-5,smart,125,15:55,1
TSCO,-6,-5,smart,125,15:55,1
STE,-6,-5,smart,125,15:55,1
HEI,-6,-5,smart,125,15:55,1
CAH,-6,-5,smart,125,15:55,1
WTW,-6,-5,smart,125,15:55,1
ALGN,-6,-5,smart,125,15:55,1
XYL,-6,-5,smart,125,15:55,1
EC,-6,-5,smart,125,15:55,1
CBRE,-6,-5,smart,125,15:55,1
WY,-6,-5,smart,125,15:55,1
HIG,-6,-5,smart,125,15:55,1
HPE,-6,-5,smart,125,15:55,1
DB,-6,-5,smart,125,15:55,1
RMD,-6,-5,smart,125,15:55,1
RJF,-6,-5,smart,125,15:55,1
TCOM,-6,-5,smart,125,15:55,1
VRSN,-6,-5,smart,125,15:55,1
RYCEY,-6,-5,smart,125,15:55,1
TECK,-6,-5,smart,125,15:55,1
CHD,-6,-5,smart,125,15:55,1
BR,-6,-5,smart,125,15:55,1
MTB,-6,-5,smart,125,15:55,1
STT,-6,-5,smart,125,15:55,1
NET,-6,-5,smart,125,15:55,1
SBAC,-6,-5,smart,125,15:55,1
CTRA,-6,-5,smart,125,15:55,1
GPC,-6,-5,smart,125,15:55,1
GRMN,-6,-5,smart,125,15:55,1
BRO,-6,-5,smart,125,15:55,1
HRL,-6,-5,smart,125,15:55,1
MT,-6,-5,smart,125,15:55,1
RCI,-6,-5,smart,125,15:55,1
CKHUY,-6,-5,smart,125,15:55,1
SYM,-6,-5,smart,125,15:55,1
LYV,-6,-5,smart,125,15:55,1
NOK,-6,-5,smart,125,15:55,1
VFS,-6,-5,smart,125,15:55,1
BEKE,-6,-5,smart,125,15:55,1
ICLR,-6,-5,smart,125,15:55,1
ZM,-6,-5,smart,125,15:55,1
INVH,-6,-5,smart,125,15:55,1
TW,-6,-5,smart,125,15:55,1
FE,-6,-5,smart,125,15:55,1
DOV,-6,-5,smart,125,15:55,1
DTE,-6,-5,smart,125,15:55,1
ETR,-6,-5,smart,125,15:55,1
MOH,-6,-5,smart,125,15:55,1
AEE,-6,-5,smart,125,15:55,1
JBHT,-6,-5,smart,125,15:55,1
OWL,-6,-5,smart,125,15:55,1
ES,-6,-5,smart,125,15:55,1
SCGLY,-6,-5,smart,125,15:55,1
ZTO,-6,-5,smart,125,15:55,1
ULTA,-6,-5,smart,125,15:55,1
FTS,-6,-5,smart,125,15:55,1
RYAAY,-6,-5,smart,125,15:55,1
HWM,-6,-5,smart,125,15:55,1
FLT,-6,-5,smart,125,15:55,1
TDY,-6,-5,smart,125,15:55,1
WBA,-6,-5,smart,125,15:55,1
PINS,-6,-5,smart,125,15:55,1
ALB,-6,-5,smart,125,15:55,1
RBLX,-6,-5,smart,125,15:55,1
BAX,-6,-5,smart,125,15:55,1
COIN,-6,-5,smart,125,15:55,1
WAB,-6,-5,smart,125,15:55,1
VLTO,-6,-5,smart,125,15:55,1
TRGP,-6,-5,smart,125,15:55,1
TS,-6,-5,smart,125,15:55,1
LPLA,-6,-5,smart,125,15:55,1
WPM,-6,-5,smart,125,15:55,1
BGNE,-6,-5,smart,125,15:55,1
STLD,-6,-5,smart,125,15:55,1
LH,-6,-5,smart,125,15:55,1
EQT,-6,-5,smart,125,15:55,1
UMC,-6,-5,smart,125,15:55,1
ROL,-6,-5,smart,125,15:55,1
FDS,-6,-5,smart,125,15:55,1
RIVN,-6,-5,smart,125,15:55,1
J,-6,-5,smart,125,15:55,1
PPL,-6,-5,smart,125,15:55,1
MKC,-6,-5,smart,125,15:55,1
HOLX,-6,-5,smart,125,15:55,1
JBL,-6,-5,smart,125,15:55,1
EG,-6,-5,smart,125,15:55,1
CBOE,-6,-5,smart,125,15:55,1
K,-6,-5,smart,125,15:55,1
IRM,-6,-5,smart,125,15:55,1
PFG,-6,-5,smart,125,15:55,1
ARE,-6,-5,smart,125,15:55,1
EXPD,-6,-5,smart,125,15:55,1
WMG,-6,-5,smart,125,15:55,1
CNP,-6,-5,smart,125,15:55,1
CCL,-6,-5,smart,125,15:55,1
TSN,-6,-5,smart,125,15:55,1
CUK,-6,-5,smart,125,15:55,1
PHG,-6,-5,smart,125,15:55,1
PTC,-6,-5,smart,125,15:55,1
SIRI,-6,-5,smart,125,15:55,1
BMRN,-6,-5,smart,125,15:55,1
DRI,-6,-5,smart,125,15:55,1
WRB,-6,-5,smart,125,15:55,1
BSY,-6,-5,smart,125,15:55,1
CCJ,-6,-5,smart,125,15:55,1
FITB,-6,-5,smart,125,15:55,1
HUBB,-6,-5,smart,125,15:55,1
VTR,-6,-5,smart,125,15:55,1
RPRX,-6,-5,smart,125,15:55,1
LUV,-6,-5,smart,125,15:55,1
IFF,-6,-5,smart,125,15:55,1
FWONK,-6,-5,smart,125,15:55,1
AKAM,-6,-5,smart,125,15:55,1
ENPH,-6,-5,smart,125,15:55,1
ATO,-6,-5,smart,125,15:55,1
CHKP,-6,-5,smart,125,15:55,1
PBA,-6,-5,smart,125,15:55,1
FSLR,-6,-5,smart,125,15:55,1
WLK,-6,-5,smart,125,15:55,1
ERIE,-6,-5,smart,125,15:55,1
WAT,-6,-5,smart,125,15:55,1
PHM,-6,-5,smart,125,15:55,1
CINF,-6,-5,smart,125,15:55,1
ERIC,-6,-5,smart,125,15:55,1
NTAP,-6,-5,smart,125,15:55,1
CF,-6,-5,smart,125,15:55,1
RKT,-6,-5,smart,125,15:55,1
SWKS,-6,-5,smart,125,15:55,1
CNHI,-6,-5,smart,125,15:55,1
DIDIY,-6,-5,smart,125,15:55,1
PAYC,-6,-5,smart,125,15:55,1
MAA,-6,-5,smart,125,15:55,1
XPEV,-6,-5,smart,125,15:55,1
BAH,-6,-5,smart,125,15:55,1
COO,-6,-5,smart,125,15:55,1
TER,-6,-5,smart,125,15:55,1
IEX,-6,-5,smart,125,15:55,1
BG,-6,-5,smart,125,15:55,1
ASAI,-6,-5,smart,125,15:55,1
CLX,-6,-5,smart,125,15:55,1
RF,-6,-5,smart,125,15:55,1
EBR,-6,-5,smart,125,15:55,1
SMCI,-6,-5,smart,125,15:55,1
CMS,-6,-5,smart,125,15:55,1
NIO,-6,-5,smart,125,15:55,1
RS,-6,-5,smart,125,15:55,1
TXT,-6,-5,smart,125,15:55,1
MGA,-6,-5,smart,125,15:55,1
SQM,-6,-5,smart,125,15:55,1
BLDR,-6,-5,smart,125,15:55,1
VRT,-6,-5,smart,125,15:55,1
AXON,-6,-5,smart,125,15:55,1
BBY,-6,-5,smart,125,15:55,1
WDC,-6,-5,smart,125,15:55,1
MRO,-6,-5,smart,125,15:55,1
POAHY,-6,-5,smart,125,15:55,1
AVY,-6,-5,smart,125,15:55,1
FOXA,-6,-5,smart,125,15:55,1
BALL,-6,-5,smart,125,15:55,1
OMC,-6,-5,smart,125,15:55,1
HBAN,-6,-5,smart,125,15:55,1
ASX,-6,-5,smart,125,15:55,1
SUI,-6,-5,smart,125,15:55,1
EXPE,-6,-5,smart,125,15:55,1
GBTC,-6,-5,smart,125,15:55,1
ESS,-6,-5,smart,125,15:55,1
VIV,-6,-5,smart,125,15:55,1
L,-6,-5,smart,125,15:55,1
ENTG,-6,-5,smart,125,15:55,1
EPAM,-6,-5,smart,125,15:55,1
WSO,-6,-5,smart,125,15:55,1
TKO,-6,-5,smart,125,15:55,1
DT,-6,-5,smart,125,15:55,1
AER,-6,-5,smart,125,15:55,1
APP,-6,-5,smart,125,15:55,1
AMH,-6,-5,smart,125,15:55,1
SUZ,-6,-5,smart,125,15:55,1
NTRS,-6,-5,smart,125,15:55,1
DGX,-6,-5,smart,125,15:55,1
AVTR,-6,-5,smart,125,15:55,1
SNAP,-6,-5,smart,125,15:55,1
UAL,-6,-5,smart,125,15:55,1
SNA,-6,-5,smart,125,15:55,1
STX,-6,-5,smart,125,15:55,1
LW,-6,-5,smart,125,15:55,1
FOX,-6,-5,smart,125,15:55,1
TRU,-6,-5,smart,125,15:55,1
GRAB,-6,-5,smart,125,15:55,1
DKNG,-6,-5,smart,125,15:55,1
PKG,-6,-5,smart,125,15:55,1
RVTY,-6,-5,smart,125,15:55,1
LII,-6,-5,smart,125,15:55,1
LKQ,-6,-5,smart,125,15:55,1
POOL,-6,-5,smart,125,15:55,1
LBRDK,-6,-5,smart,125,15:55,1
OKTA,-6,-5,smart,125,15:55,1
CSL,-6,-5,smart,125,15:55,1
CE,-6,-5,smart,125,15:55,1
ACI,-6,-5,smart,125,15:55,1
IOT,-6,-5,smart,125,15:55,1
DECK,-6,-5,smart,125,15:55,1
UDR,-6,-5,smart,125,15:55,1
BIP,-6,-5,smart,125,15:55,1
MGM,-6,-5,smart,125,15:55,1
SSNC,-6,-5,smart,125,15:55,1
INCY,-6,-5,smart,125,15:55,1
KKPNY,-6,-5,smart,125,15:55,1
TRMB,-6,-5,smart,125,15:55,1
RPM,-6,-5,smart,125,15:55,1
NDSN,-6,-5,smart,125,15:55,1
TAP,-6,-5,smart,125,15:55,1
MANH,-6,-5,smart,125,15:55,1
HLDCY,-6,-5,smart,125,15:55,1
RYAN,-6,-5,smart,125,15:55,1
GGG,-6,-5,smart,125,15:55,1
AMCR,-6,-5,smart,125,15:55,1
CAG,-6,-5,smart,125,15:55,1
ELS,-6,-5,smart,125,15:55,1
OVV,-6,-5,smart,125,15:55,1
LDOS,-6,-5,smart,125,15:55,1
CRBG,-6,-5,smart,125,15:55,1
GLPI,-6,-5,smart,125,15:55,1
CFG,-6,-5,smart,125,15:55,1
SYF,-6,-5,smart,125,15:55,1
FMS,-6,-5,smart,125,15:55,1
LEGN,-6,-5,smart,125,15:55,1
NMR,-6,-5,smart,125,15:55,1
GFL,-6,-5,smart,125,15:55,1
NWS,-6,-5,smart,125,15:55,1
LNT,-6,-5,smart,125,15:55,1
IP,-6,-5,smart,125,15:55,1
XP,-6,-5,smart,125,15:55,1
BILL,-6,-5,smart,125,15:55,1
BEN,-6,-5,smart,125,15:55,1
SWK,-6,-5,smart,125,15:55,1
OC,-6,-5,smart,125,15:55,1
DPZ,-6,-5,smart,125,15:55,1
HTHT,-6,-5,smart,125,15:55,1
RBA,-6,-5,smart,125,15:55,1
CELH,-6,-5,smart,125,15:55,1
FLEX,-6,-5,smart,125,15:55,1
MAS,-6,-5,smart,125,15:55,1
SJM,-6,-5,smart,125,15:55,1
LCID,-6,-5,smart,125,15:55,1
HST,-6,-5,smart,125,15:55,1
YPF,-6,-5,smart,125,15:55,1
VST,-6,-5,smart,125,15:55,1
APA,-6,-5,smart,125,15:55,1
CHK,-6,-5,smart,125,15:55,1
CPB,-6,-5,smart,125,15:55,1
NWSA,-6,-5,smart,125,15:55,1
U,-6,-5,smart,125,15:55,1
SRPT,-6,-5,smart,125,15:55,1
ZBRA,-6,-5,smart,125,15:55,1
VTRS,-6,-5,smart,125,15:55,1
ACM,-6,-5,smart,125,15:55,1
EXAS,-6,-5,smart,125,15:55,1
LOGI,-6,-5,smart,125,15:55,1
WPC,-6,-5,smart,125,15:55,1
MOS,-6,-5,smart,125,15:55,1
PCTY,-6,-5,smart,125,15:55,1
IPG,-6,-5,smart,125,15:55,1
AGR,-6,-5,smart,125,15:55,1
NBIX,-6,-5,smart,125,15:55,1
EVRG,-6,-5,smart,125,15:55,1
GEN,-6,-5,smart,125,15:55,1
PSTG,-6,-5,smart,125,15:55,1
H,-6,-5,smart,125,15:55,1
CDAY,-6,-5,smart,125,15:55,1
JKHY,-6,-5,smart,125,15:55,1
GDDY,-6,-5,smart,125,15:55,1
UTHR,-6,-5,smart,125,15:55,1
LSCC,-6,-5,smart,125,15:55,1
RDY,-6,-5,smart,125,15:55,1
FNF,-6,-5,smart,125,15:55,1
TME,-6,-5,smart,125,15:55,1
NICE,-6,-5,smart,125,15:55,1
TECH,-6,-5,smart,125,15:55,1
SAIA,-6,-5,smart,125,15:55,1
GL,-6,-5,smart,125,15:55,1
CG,-6,-5,smart,125,15:55,1
RNR,-6,-5,smart,125,15:55,1
CNA,-6,-5,smart,125,15:55,1
ARCC,-6,-5,smart,125,15:55,1
WYNN,-6,-5,smart,125,15:55,1
LECO,-6,-5,smart,125,15:55,1
KMX,-6,-5,smart,125,15:55,1
PNR,-6,-5,smart,125,15:55,1
TEVA,-6,-5,smart,125,15:55,1
PAG,-6,-5,smart,125,15:55,1
KIM,-6,-5,smart,125,15:55,1
Z,-6,-5,smart,125,15:55,1
MTCH,-6,-5,smart,125,15:55,1
CPT,-6,-5,smart,125,15:55,1
TWLO,-6,-5,smart,125,15:55,1
REXR,-6,-5,smart,125,15:55,1
SNN,-6,-5,smart,125,15:55,1
WES,-6,-5,smart,125,15:55,1
BEP,-6,-5,smart,125,15:55,1
PODD,-6,-5,smart,125,15:55,1
AOS,-6,-5,smart,125,15:55,1
PAA,-6,-5,smart,125,15:55,1
ROKU,-6,-5,smart,125,15:55,1
NI,-6,-5,smart,125,15:55,1
ZG,-6,-5,smart,125,15:55,1
DOX,-6,-5,smart,125,15:55,1
BAP,-6,-5,smart,125,15:55,1
CASY,-6,-5,smart,125,15:55,1
CRL,-6,-5,smart,125,15:55,1
REG,-6,-5,smart,125,15:55,1
WSM,-7.5,-6.5,smart,100,15:55,1
MORN,-7.5,-6.5,smart,100,15:55,1
GFI,-7.5,-6.5,smart,100,15:55,1
CHRW,-7.5,-6.5,smart,100,15:55,1
CCK,-7.5,-6.5,smart,100,15:55,1
PCOR,-7.5,-6.5,smart,100,15:55,1
EME,-7.5,-6.5,smart,100,15:55,1
EDR,-7.5,-6.5,smart,100,15:55,1
EDU,-7.5,-6.5,smart,100,15:55,1
HSIC,-7.5,-6.5,smart,100,15:55,1
UNM,-7.5,-6.5,smart,100,15:55,1
CZR,-7.5,-6.5,smart,100,15:55,1
RGA,-7.5,-6.5,smart,100,15:55,1
DBX,-7.5,-6.5,smart,100,15:55,1
AFG,-7.5,-6.5,smart,100,15:55,1
KEY,-7.5,-6.5,smart,100,15:55,1
PEAK,-7.5,-6.5,smart,100,15:55,1
EQH,-7.5,-6.5,smart,100,15:55,1
DINO,-7.5,-6.5,smart,100,15:55,1
PATH,-7.5,-6.5,smart,100,15:55,1
OTEX,-7.5,-6.5,smart,100,15:55,1
LKNCY,-7.5,-6.5,smart,100,15:55,1
COTY,-7.5,-6.5,smart,100,15:55,1
BXP,-7.5,-6.5,smart,100,15:55,1
QRVO,-7.5,-6.5,smart,100,15:55,1
WRK,-7.5,-6.5,smart,100,15:55,1
TOST,-7.5,-6.5,smart,100,15:55,1
FFIV,-7.5,-6.5,smart,100,15:55,1
USFD,-7.5,-6.5,smart,100,15:55,1
TFX,-7.5,-6.5,smart,100,15:55,1
BRKR,-7.5,-6.5,smart,100,15:55,1
QGEN,-7.5,-6.5,smart,100,15:55,1
WMS,-7.5,-6.5,smart,100,15:55,1
FND,-7.5,-6.5,smart,100,15:55,1
TPG,-7.5,-6.5,smart,100,15:55,1
BWA,-7.5,-6.5,smart,100,15:55,1
ALLE,-7.5,-6.5,smart,100,15:55,1
FIVE,-7.5,-6.5,smart,100,15:55,1
BJ,-7.5,-6.5,smart,100,15:55,1
SNX,-7.5,-6.5,smart,100,15:55,1
RRX,-7.5,-6.5,smart,100,15:55,1
HOOD,-7.5,-6.5,smart,100,15:55,1
AEG,-7.5,-6.5,smart,100,15:55,1
XPO,-7.5,-6.5,smart,100,15:55,1
MKTX,-7.5,-6.5,smart,100,15:55,1
NRG,-7.5,-6.5,smart,100,15:55,1
EMN,-7.5,-6.5,smart,100,15:55,1
NTNX,-7.5,-6.5,smart,100,15:55,1
AGCO,-7.5,-6.5,smart,100,15:55,1
DKS,-7.5,-6.5,smart,100,15:55,1
UHS,-7.5,-6.5,smart,100,15:55,1
TTC,-7.5,-6.5,smart,100,15:55,1
WTRG,-7.5,-6.5,smart,100,15:55,1
NVT,-7.5,-6.5,smart,100,15:55,1
NLY,-7.5,-6.5,smart,100,15:55,1
STVN,-7.5,-6.5,smart,100,15:55,1
CLH,-7.5,-6.5,smart,100,15:55,1
PFGC,-7.5,-6.5,smart,100,15:55,1
PEN,-7.5,-6.5,smart,100,15:55,1
JNPR,-7.5,-6.5,smart,100,15:55,1
CX,-7.5,-6.5,smart,100,15:55,1
CFLT,-7.5,-6.5,smart,100,15:55,1
RGEN,-7.5,-6.5,smart,100,15:55,1
DOCU,-7.5,-6.5,smart,100,15:55,1
GRFS,-7.5,-6.5,smart,100,15:55,1
GLOB,-7.5,-6.5,smart,100,15:55,1
CHDN,-7.5,-6.5,smart,100,15:55,1
ROIV,-7.5,-6.5,smart,100,15:55,1
CUBE,-7.5,-6.5,smart,100,15:55,1
AAL,-7.5,-6.5,smart,100,15:55,1
OHI,-7.5,-6.5,smart,100,15:55,1
BSAC,-7.5,-6.5,smart,100,15:55,1
FTI,-7.5,-6.5,smart,100,15:55,1
BEPC,-7.5,-6.5,smart,100,15:55,1
TTEK,-7.5,-6.5,smart,100,15:55,1
COR,-7.5,-6.5,smart,100,15:55,1
VIPS,-7.5,-6.5,smart,100,15:55,1
ATR,-7.5,-6.5,smart,100,15:55,1
AES,-7.5,-6.5,smart,100,15:55,1
SCI,-7.5,-6.5,smart,100,15:55,1
TLSNY,-7.5,-6.5,smart,100,15:55,1
DVA,-7.5,-6.5,smart,100,15:55,1
WSC,-7.5,-6.5,smart,100,15:55,1
PNW,-7.5,-6.5,smart,100,15:55,1
LSXMK,-7.5,-6.5,smart,100,15:55,1
LSXMA,-7.5,-6.5,smart,100,15:55,1
MTN,-7.5,-6.5,smart,100,15:55,1
HAS,-7.5,-6.5,smart,100,15:55,1
JAZZ,-7.5,-6.5,smart,100,15:55,1
CCCS,-7.5,-6.5,smart,100,15:55,1
CHWY,-7.5,-6.5,smart,100,15:55,1
LAMR,-7.5,-6.5,smart,100,15:55,1
FUTU,-7.5,-6.5,smart,100,15:55,1
ITT,-7.5,-6.5,smart,100,15:55,1
SBS,-7.5,-6.5,smart,100,15:55,1
UWMC,-7.5,-6.5,smart,100,15:55,1
ESTC,-7.5,-6.5,smart,100,15:55,1
COLD,-7.5,-6.5,smart,100,15:55,1
NYCB,-7.5,-6.5,smart,100,15:55,1
KBR,-7.5,-6.5,smart,100,15:55,1
BURL,-7.5,-6.5,smart,100,15:55,1
GOL,-7.5,-6.5,smart,100,15:55,1
ALV,-7.5,-6.5,smart,100,15:55,1
RHI,-7.5,-6.5,smart,100,15:55,1
FMC,-7.5,-6.5,smart,100,15:55,1
KNX,-7.5,-6.5,smart,100,15:55,1
CTLT,-7.5,-6.5,smart,100,15:55,1
KVYO,-7.5,-6.5,smart,100,15:55,1
LEA,-7.5,-6.5,smart,100,15:55,1
RRC,-7.5,-6.5,smart,100,15:55,1
ETSY,-7.5,-6.5,smart,100,15:55,1
AR,-7.5,-6.5,smart,100,15:55,1
CLF,-7.5,-6.5,smart,100,15:55,1
SEIC,-7.5,-6.5,smart,100,15:55,1
AIZ,-7.5,-6.5,smart,100,15:55,1
DLB,-7.5,-6.5,smart,100,15:55,1
SKM,-7.5,-6.5,smart,100,15:55,1
PARA,-7.5,-6.5,smart,100,15:55,1
PSO,-7.5,-6.5,smart,100,15:55,1
MNDY,-7.5,-6.5,smart,100,15:55,1
ONON,-7.5,-6.5,smart,100,15:55,1
MNSO,-7.5,-6.5,smart,100,15:55,1
ALLY,-7.5,-6.5,smart,100,15:55,1
FBIN,-7.5,-6.5,smart,100,15:55,1
TOL,-7.5,-6.5,smart,100,15:55,1
EGP,-7.5,-6.5,smart,100,15:55,1
WWD,-7.5,-6.5,smart,100,15:55,1
MEDP,-7.5,-6.5,smart,100,15:55,1
SOFI,-7.5,-6.5,smart,100,15:55,1
PR,-7.5,-6.5,smart,100,15:55,1
WCC,-7.5,-6.5,smart,100,15:55,1
OLED,-7.5,-6.5,smart,100,15:55,1
NOV,-7.5,-6.5,smart,100,15:55,1
JEF,-7.5,-6.5,smart,100,15:55,1
GWRE,-7.5,-6.5,smart,100,15:55,1
DAR,-7.5,-6.5,smart,100,15:55,1
GGB,-7.5,-6.5,smart,100,15:55,1
SKX,-7.5,-6.5,smart,100,15:55,1
HLI,-7.5,-6.5,smart,100,15:55,1
AGL,-7.5,-6.5,smart,100,15:55,1
SWAV,-7.5,-6.5,smart,100,15:55,1
GMED,-7.5,-6.5,smart,100,15:55,1
YMM,-7.5,-6.5,smart,100,15:55,1
ORI,-7.5,-6.5,smart,100,15:55,1
LBTYK,-7.5,-6.5,smart,100,15:55,1
RL,-7.5,-6.5,smart,100,15:55,1
BBWI,-7.5,-6.5,smart,100,15:55,1
X,-7.5,-6.5,smart,100,15:55,1
GNTX,-7.5,-6.5,smart,100,15:55,1
MAT,-7.5,-6.5,smart,100,15:55,1
IEP,-7.5,-6.5,smart,100,15:55,1
CGNX,-7.5,-6.5,smart,100,15:55,1
EWBC,-7.5,-6.5,smart,100,15:55,1
DCI,-7.5,-6.5,smart,100,15:55,1
CART,-7.5,-6.5,smart,100,15:55,1
CVNA,-7.5,-6.5,smart,100,15:55,1
FRT,-7.5,-6.5,smart,100,15:55,1
SWN,-7.5,-6.5,smart,100,15:55,1
ICL,-7.5,-6.5,smart,100,15:55,1
TIMB,-7.5,-6.5,smart,100,15:55,1
NCLH,-7.5,-6.5,smart,100,15:55,1
EXEL,-7.5,-6.5,smart,100,15:55,1
TPX,-7.5,-6.5,smart,100,15:55,1
SEDG,-7.5,-6.5,smart,100,15:55,1
CAR,-7.5,-6.5,smart,100,15:55,1
VOYA,-7.5,-6.5,smart,100,15:55,1
NE,-7.5,-6.5,smart,100,15:55,1
RGLD,-7.5,-6.5,smart,100,15:55,1
GTLB,-7.5,-6.5,smart,100,15:55,1
CYBR,-7.5,-6.5,smart,100,15:55,1
XRAY,-7.5,-6.5,smart,100,15:55,1
WBS,-7.5,-6.5,smart,100,15:55,1
CNM,-7.5,-6.5,smart,100,15:55,1
YNDX,-7.5,-6.5,smart,100,15:55,1
LBTYA,-7.5,-6.5,smart,100,15:55,1
DUOL,-7.5,-6.5,smart,100,15:55,1
WHR,-7.5,-6.5,smart,100,15:55,1
CIB,-7.5,-6.5,smart,100,15:55,1
ZI,-7.5,-6.5,smart,100,15:55,1
BWXT,-7.5,-6.5,smart,100,15:55,1
NYT,-7.5,-6.5,smart,100,15:55,1
AU,-7.5,-6.5,smart,100,15:55,1
MTDR,-7.5,-6.5,smart,100,15:55,1
MUR,-7.5,-6.5,smart,100,15:55,1
IONS,-7.5,-6.5,smart,100,15:55,1
MIDD,-7.5,-6.5,smart,100,15:55,1
ARW,-7.5,-6.5,smart,100,15:55,1
ONTO,-7.5,-6.5,smart,100,15:55,1
BERY,-7.5,-6.5,smart,100,15:55,1
CIEN,-7.5,-6.5,smart,100,15:55,1
CHRD,-7.5,-6.5,smart,100,15:55,1
W,-7.5,-6.5,smart,100,15:55,1
EHC,-7.5,-6.5,smart,100,15:55,1
OGE,-7.5,-6.5,smart,100,15:55,1
GXO,-7.5,-6.5,smart,100,15:55,1
GLBE,-7.5,-6.5,smart,100,15:55,1
CIVI,-7.5,-6.5,smart,100,15:55,1
KRTX,-7.5,-6.5,smart,100,15:55,1
G,-7.5,-6.5,smart,100,15:55,1
JLL,-7.5,-6.5,smart,100,15:55,1
GPK,-7.5,-6.5,smart,100,15:55,1
BZ,-7.5,-6.5,smart,100,15:55,1
TPR,-7.5,-6.5,smart,100,15:55,1
ARMK,-7.5,-6.5,smart,100,15:55,1
FN,-7.5,-6.5,smart,100,15:55,1
RMBS,-7.5,-6.5,smart,100,15:55,1
TREX,-7.5,-6.5,smart,100,15:55,1
ACHC,-7.5,-6.5,smart,100,15:55,1
GNRC,-7.5,-6.5,smart,100,15:55,1
HQY,-7.5,-6.5,smart,100,15:55,1
LNW,-7.5,-6.5,smart,100,15:55,1
NNN,-7.5,-6.5,smart,100,15:55,1
TXRH,-7.5,-6.5,smart,100,15:55,1
WFRD,-7.5,-6.5,smart,100,15:55,1
FR,-7.5,-6.5,smart,100,15:55,1
VFC,-7.5,-6.5,smart,100,15:55,1
FCN,-7.5,-6.5,smart,100,15:55,1
UFPI,-7.5,-6.5,smart,100,15:55,1
SF,-7.5,-6.5,smart,100,15:55,1
APG,-7.5,-6.5,smart,100,15:55,1
INGR,-7.5,-6.5,smart,100,15:55,1
STAG,-7.5,-6.5,smart,100,15:55,1
SN,-7.5,-6.5,smart,100,15:55,1
IGT,-7.5,-6.5,smart,100,15:55,1
KT,-7.5,-6.5,smart,100,15:55,1
THC,-7.5,-6.5,smart,100,15:55,1
CIG,-7.5,-6.5,smart,100,15:55,1
NFE,-7.5,-6.5,smart,100,15:55,1
COHR,-7.5,-6.5,smart,100,15:55,1
NEWR,-7.5,-6.5,smart,100,15:55,1
IVZ,-7.5,-6.5,smart,100,15:55,1
AN,-7.5,-6.5,smart,100,15:55,1
AXTA,-7.5,-6.5,smart,100,15:55,1
RIG,-7.5,-6.5,smart,100,15:55,1
EXP,-7.5,-6.5,smart,100,15:55,1
BRX,-7.5,-6.5,smart,100,15:55,1
CHH,-7.5,-6.5,smart,100,15:55,1
OSK,-7.5,-6.5,smart,100,15:55,1
BLCO,-7.5,-6.5,smart,100,15:55,1
INFA,-7.5,-6.5,smart,100,15:55,1
TNET,-7.5,-6.5,smart,100,15:55,1
HRB,-7.5,-6.5,smart,100,15:55,1
CBSH,-7.5,-6.5,smart,100,15:55,1
OLN,-7.5,-6.5,smart,100,15:55,1
CPRI,-7.5,-6.5,smart,100,15:55,1
RCM,-7.5,-6.5,smart,100,15:55,1
ALGM,-7.5,-6.5,smart,100,15:55,1
BYD,-7.5,-6.5,smart,100,15:55,1
STWD,-7.5,-6.5,smart,100,15:55,1
ADT,-7.5,-6.5,smart,100,15:55,1
QLYS,-7.5,-6.5,smart,100,15:55,1
FHN,-7.5,-6.5,smart,100,15:55,1
MTSI,-7.5,-6.5,smart,100,15:55,1
OPCH,-7.5,-6.5,smart,100,15:55,1
CFR,-7.5,-6.5,smart,100,15:55,1
CSAN,-7.5,-6.5,smart,100,15:55,1
PSN,-7.5,-6.5,smart,100,15:55,1
MSM,-7.5,-6.5,smart,100,15:55,1
PBF,-7.5,-6.5,smart,100,15:55,1
WH,-7.5,-6.5,smart,100,15:55,1
AM,-7.5,-6.5,smart,100,15:55,1
ST,-7.5,-6.5,smart,100,15:55,1
HXL,-7.5,-6.5,smart,100,15:55,1
SAIC,-7.5,-6.5,smart,100,15:55,1
KGC,-7.5,-6.5,smart,100,15:55,1
FAF,-7.5,-6.5,smart,100,15:55,1
TAL,-7.5,-6.5,smart,100,15:55,1
BILI,-7.5,-6.5,smart,100,15:55,1
MKSI,-7.5,-6.5,smart,100,15:55,1
AMKR,-7.5,-6.5,smart,100,15:55,1
CMC,-7.5,-6.5,smart,100,15:55,1
AYI,-7.5,-6.5,smart,100,15:55,1
SMAR,-7.5,-6.5,smart,100,15:55,1
BROS,-7.5,-6.5,smart,100,15:55,1
PPC,-7.5,-6.5,smart,100,15:55,1
IRDM,-7.5,-6.5,smart,100,15:55,1
PII,-7.5,-6.5,smart,100,15:55,1
HR,-7.5,-6.5,smart,100,15:55,1
ENLC,-7.5,-6.5,smart,100,15:55,1
FRSH,-7.5,-6.5,smart,100,15:55,1
ELF,-7.5,-6.5,smart,100,15:55,1
PSNY,-7.5,-6.5,smart,100,15:55,1
BRBR,-7.5,-6.5,smart,100,15:55,1
ATKR,-7.5,-6.5,smart,100,15:55,1
EVR,-7.5,-6.5,smart,100,15:55,1
AFRM,-7.5,-6.5,smart,100,15:55,1
FSK,-7.5,-6.5,smart,100,15:55,1
WK,-7.5,-6.5,smart,100,15:55,1
ALSMY,-7.5,-6.5,smart,100,15:55,1
AGNC,-7.5,-6.5,smart,100,15:55,1
CHX,-7.5,-6.5,smart,100,15:55,1
DLO,-7.5,-6.5,smart,100,15:55,1
GTLS,-7.5,-6.5,smart,100,15:55,1
MTZ,-7.5,-6.5,smart,100,15:55,1
SSL,-7.5,-6.5,smart,100,15:55,1
VAL,-7.5,-6.5,smart,100,15:55,1
ALSN,-7.5,-6.5,smart,100,15:55,1
ACLS,-7.5,-6.5,smart,100,15:55,1
CMA,-7.5,-6.5,smart,100,15:55,1
REYN,-7.5,-6.5,smart,100,15:55,1
TENB,-7.5,-6.5,smart,100,15:55,1
ADC,-7.5,-6.5,smart,100,15:55,1
CROX,-7.5,-6.5,smart,100,15:55,1
TKR,-7.5,-6.5,smart,100,15:55,1
FLR,-7.5,-6.5,smart,100,15:55,1
OBDC,-7.5,-6.5,smart,100,15:55,1
MHK,-7.5,-6.5,smart,100,15:55,1
ABCM,-7.5,-6.5,smart,100,15:55,1
NTRA,-7.5,-6.5,smart,100,15:55,1
SON,-7.5,-6.5,smart,100,15:55,1
LEVI,-7.5,-6.5,smart,100,15:55,1
DTM,-7.5,-6.5,smart,100,15:55,1
INSP,-7.5,-6.5,smart,100,15:55,1
PTEN,-7.5,-6.5,smart,100,15:55,1
SSB,-7.5,-6.5,smart,100,15:55,1
WIX,-7.5,-6.5,smart,100,15:55,1
ENSG,-7.5,-6.5,smart,100,15:55,1
BC,-7.5,-6.5,smart,100,15:55,1
WING,-7.5,-6.5,smart,100,15:55,1
ATI,-7.5,-6.5,smart,100,15:55,1
ESNT,-7.5,-6.5,smart,100,15:55,1
ASND,-7.5,-6.5,smart,100,15:55,1
MONOY,-7.5,-6.5,smart,100,15:55,1
PNFP,-7.5,-6.5,smart,100,15:55,1
LTMAY,-7.5,-6.5,smart,100,15:55,1
RHP,-7.5,-6.5,smart,100,15:55,1
FRHC,-7.5,-6.5,smart,100,15:55,1
POST,-7.5,-6.5,smart,100,15:55,1
PAAS,-7.5,-6.5,smart,100,15:55,1
AIRC,-7.5,-6.5,smart,100,15:55,1
ZION,-7.5,-6.5,smart,100,15:55,1
PB,-7.5,-6.5,smart,100,15:55,1
S,-7.5,-6.5,smart,100,15:55,1
WU,-7.5,-6.5,smart,100,15:55,1
HALO,-7.5,-6.5,smart,100,15:55,1
GIL,-7.5,-6.5,smart,100,15:55,1
FLS,-7.5,-6.5,smart,100,15:55,1
ITCI,-7.5,-6.5,smart,100,15:55,1
LNTH,-7.5,-6.5,smart,100,15:55,1
MTG,-7.5,-6.5,smart,100,15:55,1
AA,-7.5,-6.5,smart,100,15:55,1
AXS,-7.5,-6.5,smart,100,15:55,1
TRNO,-7.5,-6.5,smart,100,15:55,1
KEX,-7.5,-6.5,smart,100,15:55,1
BECN,-7.5,-6.5,smart,100,15:55,1
IDA,-7.5,-6.5,smart,100,15:55,1
THO,-7.5,-6.5,smart,100,15:55,1
CWAN,-7.5,-6.5,smart,100,15:55,1
QDEL,-7.5,-6.5,smart,100,15:55,1
VNT,-7.5,-6.5,smart,100,15:55,1
IMVT,-7.5,-6.5,smart,100,15:55,1
WAL,-7.5,-6.5,smart,100,15:55,1
NXST,-7.5,-6.5,smart,100,15:55,1
APLS,-7.5,-6.5,smart,100,15:55,1
ALKS,-7.5,-6.5,smart,100,15:55,1
MSTR,-7.5,-6.5,smart,100,15:55,1
SNDR,-7.5,-6.5,smart,100,15:55,1
NXT,-7.5,-6.5,smart,100,15:55,1
GGAL,-7.5,-6.5,smart,100,15:55,1
NFG,-7.5,-6.5,smart,100,15:55,1
BFAM,-7.5,-6.5,smart,100,15:55,1
DV,-7.5,-6.5,smart,100,15:55,1
EXLS,-7.5,-6.5,smart,100,15:55,1
RELY,-7.5,-6.5,smart,100,15:55,1
ESI,-7.5,-6.5,smart,100,15:55,1
SRC,-7.5,-6.5,smart,100,15:55,1
AAON,-7.5,-6.5,smart,100,15:55,1
ELP,-7.5,-6.5,smart,100,15:55,1
BPOP,-7.5,-6.5,smart,100,15:55,1
DEN,-7.5,-6.5,smart,100,15:55,1
PCVX,-7.5,-6.5,smart,100,15:55,1
TDC,-7.5,-6.5,smart,100,15:55,1
AGI,-7.5,-6.5,smart,100,15:55,1
PDI,-7.5,-6.5,smart,100,15:55,1
AMG,-7.5,-6.5,smart,100,15:55,1
OLLI,-7.5,-6.5,smart,100,15:55,1
WTFC,-7.5,-6.5,smart,100,15:55,1
ZWS,-7.5,-6.5,smart,100,15:55,1
FIVN,-7.5,-6.5,smart,100,15:55,1
GME,-7.5,-6.5,smart,100,15:55,1
MGY,-7.5,-6.5,smart,100,15:55,1
RH,-7.5,-6.5,smart,100,15:55,1
PWSC,-7.5,-6.5,smart,100,15:55,1
OMF,-7.5,-6.5,smart,100,15:55,1
ELAN,-7.5,-6.5,smart,100,15:55,1
MMS,-7.5,-6.5,smart,100,15:55,1
HAE,-7.5,-6.5,smart,100,15:55,1
BRZE,-7.5,-6.5,smart,100,15:55,1
TXG,-7.5,-6.5,smart,100,15:55,1
SLGN,-7.5,-6.5,smart,100,15:55,1
R,-7.5,-6.5,smart,100,15:55,1
FLO,-7.5,-6.5,smart,100,15:55,1
BXSL,-7.5,-6.5,smart,100,15:55,1
ALK,-7.5,-6.5,smart,100,15:55,1
KRG,-7.5,-6.5,smart,100,15:55,1
TMHC,-7.5,-6.5,smart,100,15:55,1
FOUR,-7.5,-6.5,smart,100,15:55,1
CWST,-7.5,-6.5,smart,100,15:55,1
UGI,-7.5,-6.5,smart,100,15:55,1
RITM,-7.5,-6.5,smart,100,15:55,1
VNOM,-7.5,-6.5,smart,100,15:55,1
AVT,-7.5,-6.5,smart,100,15:55,1
MASI,-7.5,-6.5,smart,100,15:55,1
CLVT,-7.5,-6.5,smart,100,15:55,1
JOBY,-7.5,-6.5,smart,100,15:55,1
PVH,-7.5,-6.5,smart,100,15:55,1
DXC,-7.5,-6.5,smart,100,15:55,1
TWNK,-7.5,-6.5,smart,100,15:55,1
BIPC,-7.5,-6.5,smart,100,15:55,1
PECO,-7.5,-6.5,smart,100,15:55,1
DRS,-7.5,-6.5,smart,100,15:55,1
VVV,-7.5,-6.5,smart,100,15:55,1
COLM,-7.5,-6.5,smart,100,15:55,1
IQ,-7.5,-6.5,smart,100,15:55,1
TKC,-7.5,-6.5,smart,100,15:55,1
HOMB,-7.5,-6.5,smart,100,15:55,1
SEE,-7.5,-6.5,smart,100,15:55,1
HCP,-7.5,-6.5,smart,100,15:55,1
VNO,-7.5,-6.5,smart,100,15:55,1
SM,-7.5,-6.5,smart,100,15:55,1
NVST,-7.5,-6.5,smart,100,15:55,1
POWI,-7.5,-6.5,smart,100,15:55,1
MTH,-7.5,-6.5,smart,100,15:55,1
HOG,-7.5,-6.5,smart,100,15:55,1
HOG,-7.5,-6.5,smart,100,15:55,1
SFM,-7.5,-6.5,smart,100,15:55,1
DNB,-7.5,-6.5,smart,100,15:55,1
DOCS,-7.5,-6.5,smart,100,15:55,1
MMYT,-7.5,-6.5,smart,100,15:55,1
SRUUF,-7.5,-6.5,smart,100,15:55,1
OGN,-7.5,-6.5,smart,100,15:55,1
ONB,-7.5,-6.5,smart,100,15:55,1
PYCR,-7.5,-6.5,smart,100,15:55,1
LYFT,-7.5,-6.5,smart,100,15:55,1
AZEK,-7.5,-6.5,smart,100,15:55,1
AL,-7.5,-6.5,smart,100,15:55,1
CWEN,-7.5,-6.5,smart,100,15:55,1
MLI,-7.5,-6.5,smart,100,15:55,1
MSGS,-7.5,-6.5,smart,100,15:55,1
MRTX,-7.5,-6.5,smart,100,15:55,1
IAC,-7.5,-6.5,smart,100,15:55,1
HGV,-7.5,-6.5,smart,100,15:55,1
RRR,-7.5,-6.5,smart,100,15:55,1
AEL,-7.5,-6.5,smart,100,15:55,1
ETRN,-7.5,-6.5,smart,100,15:55,1
SWX,-7.5,-6.5,smart,100,15:55,1
RDN,-7.5,-6.5,smart,100,15:55,1
RYN,-7.5,-6.5,smart,100,15:55,1
COLB,-7.5,-6.5,smart,100,15:55,1
HUN,-7.5,-6.5,smart,100,15:55,1
OZK,-7.5,-6.5,smart,100,15:55,1
PRGO,-7.5,-6.5,smart,100,15:55,1
CNXC,-7.5,-6.5,smart,100,15:55,1
WOLF,-7.5,-6.5,smart,100,15:55,1
BBIO,-7.5,-6.5,smart,100,15:55,1
FRO,-7.5,-6.5,smart,100,15:55,1
VLY,-7.5,-6.5,smart,100,15:55,1
CPG,-7.5,-6.5,smart,100,15:55,1
POR,-7.5,-6.5,smart,100,15:55,1
SQSP,-7.5,-6.5,smart,100,15:55,1
ASH,-7.5,-6.5,smart,100,15:55,1
ORA,-7.5,-6.5,smart,100,15:55,1
SHC,-7.5,-6.5,smart,100,15:55,1
JHG,-7.5,-6.5,smart,100,15:55,1
NJR,-7.5,-6.5,smart,100,15:55,1
CNX,-7.5,-6.5,smart,100,15:55,1
PLUG,-7.5,-6.5,smart,100,15:55,1
WEN,-7.5,-6.5,smart,100,15:55,1
ENIC,-7.5,-6.5,smart,100,15:55,1
CRUS,-7.5,-6.5,smart,100,15:55,1
AQN,-7.5,-6.5,smart,100,15:55,1
LNC,-7.5,-6.5,smart,100,15:55,1
SUM,-7.5,-6.5,smart,100,15:55,1
SNV,-7.5,-6.5,smart,100,15:55,1
FNB,-7.5,-6.5,smart,100,15:55,1
SRCL,-7.5,-6.5,smart,100,15:55,1
CC,-7.5,-6.5,smart,100,15:55,1
BCC,-7.5,-6.5,smart,100,15:55,1
MDU,-7.5,-6.5,smart,100,15:55,1
MMSI,-7.5,-6.5,smart,100,15:55,1
NSA,-7.5,-6.5,smart,100,15:55,1
UGP,-7.5,-6.5,smart,100,15:55,1
HP,-7.5,-6.5,smart,100,15:55,1
CXM,-7.5,-6.5,smart,100,15:55,1
CADE,-7.5,-6.5,smart,100,15:55,1
ENS,-7.5,-6.5,smart,100,15:55,1
ASGN,-7.5,-6.5,smart,100,15:55,1
IMGN,-7.5,-6.5,smart,100,15:55,1
FUL,-7.5,-6.5,smart,100,15:55,1
MLCO,-7.5,-6.5,smart,100,15:55,1
EEFT,-7.5,-6.5,smart,100,15:55,1
BTG,-7.5,-6.5,smart,100,15:55,1
NARI,-7.5,-6.5,smart,100,15:55,1
CBT,-7.5,-6.5,smart,100,15:55,1
OGS,-7.5,-6.5,smart,100,15:55,1
NTCO,-7.5,-6.5,smart,100,15:55,1
GPS,-7.5,-6.5,smart,100,15:55,1
FYBR,-7.5,-6.5,smart,100,15:55,1
WHD,-7.5,-6.5,smart,100,15:55,1
LPX,-7.5,-6.5,smart,100,15:55,1
CRC,-7.5,-6.5,smart,100,15:55,1
PNM,-7.5,-6.5,smart,100,15:55,1
UBSI,-7.5,-6.5,smart,100,15:55,1
FSS,-7.5,-6.5,smart,100,15:55,1
DIOD,-7.5,-6.5,smart,100,15:55,1
ASAN,-7.5,-6.5,smart,100,15:55,1
NCR,-7.5,-6.5,smart,100,15:55,1
SBSW,-7.5,-6.5,smart,100,15:55,1
NEOG,-7.5,-6.5,smart,100,15:55,1
NSP,-7.5,-6.5,smart,100,15:55,1
NUVL,-7.5,-6.5,smart,100,15:55,1
SLAB,-7.5,-6.5,smart,100,15:55,1
ALIT,-7.5,-6.5,smart,100,15:55,1
COOP,-7.5,-6.5,smart,100,15:55,1
PEGA,-7.5,-6.5,smart,100,15:55,1
BOX,-7.5,-6.5,smart,100,15:55,1
BSM,-7.5,-6.5,smart,100,15:55,1
ENOV,-7.5,-6.5,smart,100,15:55,1
CEF,-7.5,-6.5,smart,100,15:55,1
VC,-7.5,-6.5,smart,100,15:55,1
DNA,-7.5,-6.5,smart,100,15:55,1
VERX,-7.5,-6.5,smart,100,15:55,1
BXMT,-7.5,-6.5,smart,100,15:55,1
FLNC,-7.5,-6.5,smart,100,15:55,1
PCH,-7.5,-6.5,smart,100,15:55,1
FLOW,-7.5,-6.5,smart,100,15:55,1
FLYW,-7.5,-6.5,smart,100,15:55,1
PAGP,-7.5,-6.5,smart,100,15:55,1
SYNA,-7.5,-6.5,smart,100,15:55,1
MAN,-7.5,-6.5,smart,100,15:55,1
CPA,-7.5,-6.5,smart,100,15:55,1
TEX,-7.5,-6.5,smart,100,15:55,1
NOG,-7.5,-6.5,smart,100,15:55,1
STR,-7.5,-6.5,smart,100,15:55,1
EPRT,-7.5,-6.5,smart,100,15:55,1
ATHM,-7.5,-6.5,smart,100,15:55,1
KBH,-7.5,-6.5,smart,100,15:55,1
ACAD,-7.5,-6.5,smart,100,15:55,1
TDW,-7.5,-6.5,smart,100,15:55,1
GOLF,-7.5,-6.5,smart,100,15:55,1
GKOS,-7.5,-6.5,smart,100,15:55,1
FTAI,-7.5,-6.5,smart,100,15:55,1
SGRY,-7.5,-6.5,smart,100,15:55,1
INSM,-7.5,-6.5,smart,100,15:55,1
ERF,-7.5,-6.5,smart,100,15:55,1
FFIN,-7.5,-6.5,smart,100,15:55,1
SKY,-7.5,-6.5,smart,100,15:55,1
SDRL,-7.5,-6.5,smart,100,15:55,1
EURN,-7.5,-6.5,smart,100,15:55,1
CAVA,-7.5,-6.5,smart,100,15:55,1
APLE,-7.5,-6.5,smart,100,15:55,1
YETI,-7.5,-6.5,smart,100,15:55,1
PLTK,-7.5,-6.5,smart,100,15:55,1
AB,-7.5,-6.5,smart,100,15:55,1
KRC,-7.5,-6.5,smart,100,15:55,1
VAC,-7.5,-6.5,smart,100,15:55,1
BRFS,-7.5,-6.5,smart,100,15:55,1
KD,-7.5,-6.5,smart,100,15:55,1
CRSP,-7.5,-6.5,smart,100,15:55,1
NCNO,-7.5,-6.5,smart,100,15:55,1
CERE,-7.5,-6.5,smart,100,15:55,1
BTE,-7.5,-6.5,smart,100,15:55,1
SMPL,-7.5,-6.5,smart,100,15:55,1
USM,-7.5,-6.5,smart,100,15:55,1
GH,-7.5,-6.5,smart,100,15:55,1
DNP,-7.5,-6.5,smart,100,15:55,1
VRNS,-7.5,-6.5,smart,100,15:55,1
AMR,-7.5,-6.5,smart,100,15:55,1
HTZ,-7.5,-6.5,smart,100,15:55,1
ESMT,-7.5,-6.5,smart,100,15:55,1
VSH,-7.5,-6.5,smart,100,15:55,1
ZGN,-7.5,-6.5,smart,100,15:55,1
GT,-7.5,-6.5,smart,100,15:55,1
PFSI,-7.5,-6.5,smart,100,15:55,1
ADNT,-7.5,-6.5,smart,100,15:55,1
CRS,-7.5,-6.5,smart,100,15:55,1
DAVA,-7.5,-6.5,smart,100,15:55,1
GBCI,-7.5,-6.5,smart,100,15:55,1
CLS,-7.5,-6.5,smart,100,15:55,1
AXSM,-7.5,-6.5,smart,100,15:55,1
LEG,-7.5,-6.5,smart,100,15:55,1
BL,-7.5,-6.5,smart,100,15:55,1
KOS,-7.5,-6.5,smart,100,15:55,1
CEIX,-7.5,-6.5,smart,100,15:55,1
ASO,-7.5,-6.5,smart,100,15:55,1
BTU,-7.5,-6.5,smart,100,15:55,1
MAIN,-7.5,-6.5,smart,100,15:55,1
VRRM,-7.5,-6.5,smart,100,15:55,1
MLTX,-7.5,-6.5,smart,100,15:55,1
FNMA,-7.5,-6.5,smart,100,15:55,1
FNMAS,-7.5,-6.5,smart,100,15:55,1
TFSL,-7.5,-6.5,smart,100,15:55,1
BKH,-7.5,-6.5,smart,100,15:55,1
FOLD,-7.5,-6.5,smart,100,15:55,1
PGNY,-7.5,-6.5,smart,100,15:55,1
SBRA,-7.5,-6.5,smart,100,15:55,1
CRK,-7.5,-6.5,smart,100,15:55,1
AUR,-7.5,-6.5,smart,100,15:55,1
AEO,-7.5,-6.5,smart,100,15:55,1
MC,-7.5,-6.5,smart,100,15:55,1
KRYS,-7.5,-6.5,smart,100,15:55,1
NPWR,-7.5,-6.5,smart,100,15:55,1
IRT,-7.5,-6.5,smart,100,15:55,1
AWI,-7.5,-6.5,smart,100,15:55,1
BHF,-7.5,-6.5,smart,100,15:55,1
MANU,-7.5,-6.5,smart,100,15:55,1
CVI,-7.5,-6.5,smart,100,15:55,1
CURLF,-7.5,-6.5,smart,100,15:55,1
STNE,-7.5,-6.5,smart,100,15:55,1
BAK,-7.5,-6.5,smart,100,15:55,1
EPR,-7.5,-6.5,smart,100,15:55,1
QS,-7.5,-6.5,smart,100,15:55,1
IART,-7.5,-6.5,smart,100,15:55,1
AAP,-7.5,-6.5,smart,100,15:55,1
HWC,-7.5,-6.5,smart,100,15:55,1
NWL,-7.5,-6.5,smart,100,15:55,1
LTHM,-7.5,-6.5,smart,100,15:55,1
AVNT,-7.5,-6.5,smart,100,15:55,1
HRI,-7.5,-6.5,smart,100,15:55,1
MPW,-7.5,-6.5,smart,100,15:55,1
SEM,-7.5,-6.5,smart,100,15:55,1
UCBI,-7.5,-6.5,smart,100,15:55,1
IONQ,-7.5,-6.5,smart,100,15:55,1
SIG,-7.5,-6.5,smart,100,15:55,1
PENN,-7.5,-6.5,smart,100,15:55,1
TDOC,-7.5,-6.5,smart,100,15:55,1
MQ,-7.5,-6.5,smart,100,15:55,1
CXT,-7.5,-6.5,smart,100,15:55,1
SANM,-7.5,-6.5,smart,100,15:55,1
M,-7.5,-6.5,smart,100,15:55,1
CEQP,-7.5,-6.5,smart,100,15:55,1
AMN,-7.5,-6.5,smart,100,15:55,1
SR,-7.5,-6.5,smart,100,15:55,1
SGML,-7.5,-6.5,smart,100,15:55,1
ALE,-7.5,-6.5,smart,100,15:55,1
NXE,-7.5,-6.5,smart,100,15:55,1
AMED,-7.5,-6.5,smart,100,15:55,1
EXTR,-7.5,-6.5,smart,100,15:55,1
SLM,-7.5,-6.5,smart,100,15:55,1
GTES,-7.5,-6.5,smart,100,15:55,1
BPMC,-7.5,-6.5,smart,100,15:55,1
UMBF,-7.5,-6.5,smart,100,15:55,1
EVH,-7.5,-6.5,smart,100,15:55,1
CD,-7.5,-6.5,smart,100,15:55,1
ARRY,-7.5,-6.5,smart,100,15:55,1
AZTA,-7.5,-6.5,smart,100,15:55,1
JXN,-7.5,-6.5,smart,100,15:55,1
MP,-7.5,-6.5,smart,100,15:55,1
CNMD,-7.5,-6.5,smart,100,15:55,1
NWE,-7.5,-6.5,smart,100,15:55,1
CYTK,-7.5,-6.5,smart,100,15:55,1
UAA,-7.5,-6.5,smart,100,15:55,1
SID,-7.5,-6.5,smart,100,15:55,1
BMA,-7.5,-6.5,smart,100,15:55,1
BHC,-7.5,-6.5,smart,100,15:55,1
AXNX,-7.5,-6.5,smart,100,15:55,1
URBN,-7.5,-6.5,smart,100,15:55,1
AI,-7.5,-6.5,smart,100,15:55,1
LBRT,-7.5,-6.5,smart,100,15:55,1
MDC,-7.5,-6.5,smart,100,15:55,1
DNLI,-7.5,-6.5,smart,100,15:55,1
YELP,-7.5,-6.5,smart,100,15:55,1
CCOI,-7.5,-6.5,smart,100,15:55,1
APAM,-7.5,-6.5,smart,100,15:55,1
DOC,-7.5,-6.5,smart,100,15:55,1
RPD,-7.5,-6.5,smart,100,15:55,1
ZD,-7.5,-6.5,smart,100,15:55,1
LIVN,-7.5,-6.5,smart,100,15:55,1
ARLP,-7.5,-6.5,smart,100,15:55,1
CALX,-7.5,-6.5,smart,100,15:55,1
MEOH,-7.5,-6.5,smart,100,15:55,1
FHI,-7.5,-6.5,smart,100,15:55,1
NEA,-7.5,-6.5,smart,100,15:55,1
BUR,-7.5,-6.5,smart,100,15:55,1
CUZ,-7.5,-6.5,smart,100,15:55,1
CAMT,-7.5,-6.5,smart,100,15:55,1
SCPL,-7.5,-6.5,smart,100,15:55,1
FRPT,-7.5,-6.5,smart,100,15:55,1
VIST,-7.5,-6.5,smart,100,15:55,1
SRAD,-7.5,-6.5,smart,100,15:55,1
VIRT,-7.5,-6.5,smart,100,15:55,1
DBRG,-7.5,-6.5,smart,100,15:55,1
TCBI,-7.5,-6.5,smart,100,15:55,1
TGNA,-7.5,-6.5,smart,100,15:55,1
PDCO,-7.5,-6.5,smart,100,15:55,1
RNG,-7.5,-6.5,smart,100,15:55,1
SEAS,-7.5,-6.5,smart,100,15:55,1
BNL,-7.5,-6.5,smart,100,15:55,1
CWT,-7.5,-6.5,smart,100,15:55,1
MDGL,-7.5,-6.5,smart,100,15:55,1
ARCH,-7.5,-6.5,smart,100,15:55,1
CORT,-7.5,-6.5,smart,100,15:55,1
HAYW,-7.5,-6.5,smart,100,15:55,1
LITE,-7.5,-6.5,smart,100,15:55,1
ABR,-7.5,-6.5,smart,100,15:55,1
WB,-7.5,-6.5,smart,100,15:55,1
BRP,-7.5,-6.5,smart,100,15:55,1
ANF,-7.5,-6.5,smart,100,15:55,1
KNF,-7.5,-6.5,smart,100,15:55,1
ARWR,-7.5,-6.5,smart,100,15:55,1
LTH,-7.5,-6.5,smart,100,15:55,1
UA,-7.5,-6.5,smart,100,15:55,1
PRVA,-7.5,-6.5,smart,100,15:55,1
ENOV,-7.5,-6.5,smart,100,15:55,1
AKRO,-7.5,-6.5,smart,100,15:55,1
RVMD,-7.5,-6.5,smart,100,15:55,1
BMBL,-7.5,-6.5,smart,100,15:55,1
GO,-7.5,-6.5,smart,100,15:55,1
KMPR,-7.5,-6.5,smart,100,15:55,1
PAGS,-7.5,-6.5,smart,100,15:55,1
COUR,-7.5,-6.5,smart,100,15:55,1
ESTE,-7.5,-6.5,smart,100,15:55,1
DISH,-7.5,-6.5,smart,100,15:55,1
TSEM,-7.5,-6.5,smart,100,15:55,1
SPB,-7.5,-6.5,smart,100,15:55,1
ABM,-7.5,-6.5,smart,100,15:55,1
BRC,-7.5,-6.5,smart,100,15:55,1
SPT,-7.5,-6.5,smart,100,15:55,1
GNW,-7.5,-6.5,smart,100,15:55,1
AYX,-7.5,-6.5,smart,100,15:55,1
CDP,-7.5,-6.5,smart,100,15:55,1
ITRI,-7.5,-6.5,smart,100,15:55,1
KLIC,-7.5,-6.5,smart,100,15:55,1
FORM,-7.5,-6.5,smart,100,15:55,1
CNO,-7.5,-6.5,smart,100,15:55,1
NTLA,-7.5,-6.5,smart,100,15:55,1
GSHD,-7.5,-6.5,smart,100,15:55,1
SMG,-7.5,-6.5,smart,100,15:55,1
SHLS,-7.5,-6.5,smart,100,15:55,1
ABCB,-7.5,-6.5,smart,100,15:55,1
PK,-7.5,-6.5,smart,100,15:55,1
TAC,-7.5,-6.5,smart,100,15:55,1
TPH,-7.5,-6.5,smart,100,15:55,1
HCC,-7.5,-6.5,smart,100,15:55,1
HEP,-7.5,-6.5,smart,100,15:55,1
SSRM,-7.5,-6.5,smart,100,15:55,1
YOU,-7.5,-6.5,smart,100,15:55,1
LAZ,-7.5,-6.5,smart,100,15:55,1
GMS,-7.5,-6.5,smart,100,15:55,1
FROG,-7.5,-6.5,smart,100,15:55,1
HELE,-7.5,-6.5,smart,100,15:55,1
FIBK,-7.5,-6.5,smart,100,15:55,1
IRTC,-7.5,-6.5,smart,100,15:55,1
GSAT,-7.5,-6.5,smart,100,15:55,1
QFIN,-7.5,-6.5,smart,100,15:55,1
KFY,-7.5,-6.5,smart,100,15:55,1
STNG,-7.5,-6.5,smart,100,15:55,1
NOMD,-7.5,-6.5,smart,100,15:55,1
VICR,-7.5,-6.5,smart,100,15:55,1
TNL,-7.5,-6.5,smart,100,15:55,1
CSTM,-7.5,-6.5,smart,100,15:55,1
RARE,-7.5,-6.5,smart,100,15:55,1
LXP,-7.5,-6.5,smart,100,15:55,1
MOD,-7.5,-6.5,smart,100,15:55,1
LU,-7.5,-6.5,smart,100,15:55,1
MODG,-7.5,-6.5,smart,100,15:55,1
CATY,-7.5,-6.5,smart,100,15:55,1
PRTA,-7.5,-6.5,smart,100,15:55,1
INTA,-7.5,-6.5,smart,100,15:55,1
BGC,-7.5,-6.5,smart,100,15:55,1
ASB,-7.5,-6.5,smart,100,15:55,1
GTBIF,-7.5,-6.5,smart,100,15:55,1
DY,-7.5,-6.5,smart,100,15:55,1
PINC,-7.5,-6.5,smart,100,15:55,1
LFST,-7.5,-6.5,smart,100,15:55,1
SKT,-7.5,-6.5,smart,100,15:55,1
CRI,-7.5,-6.5,smart,100,15:55,1
FBP,-7.5,-6.5,smart,100,15:55,1
SITC,-7.5,-6.5,smart,100,15:55,1
CRDO,-7.5,-6.5,smart,100,15:55,1
WERN,-7.5,-6.5,smart,100,15:55,1
FTDR,-7.5,-6.5,smart,100,15:55,1
BE,-7.5,-6.5,smart,100,15:55,1
FTRE,-7.5,-6.5,smart,100,15:55,1
AVA,-7.5,-6.5,smart,100,15:55,1
OI,-7.5,-6.5,smart,100,15:55,1
GPCR,-7.5,-6.5,smart,100,15:55,1
SVV,-7.5,-6.5,smart,100,15:55,1
KTB,-7.5,-6.5,smart,100,15:55,1
GLNG,-7.5,-6.5,smart,100,15:55,1
PSEC,-7.5,-6.5,smart,100,15:55,1
MRVI,-7.5,-6.5,smart,100,15:55,1
GBDC,-7.5,-6.5,smart,100,15:55,1
MAC,-7.5,-6.5,smart,100,15:55,1
XRX,-7.5,-6.5,smart,100,15:55,1
SHAK,-7.5,-6.5,smart,100,15:55,1
OII,-7.5,-6.5,smart,100,15:55,1
ERJ,-7.5,-6.5,smart,100,15:55,1
RLX,-7.5,-6.5,smart,100,15:55,1
HTGC,-7.5,-6.5,smart,100,15:55,1
SXT,-7.5,-6.5,smart,100,15:55,1
YY,-7.5,-6.5,smart,100,15:55,1
NABL,-7.5,-6.5,smart,100,15:55,1
INMD,-7.5,-6.5,smart,100,15:55,1
BOOT,-7.5,-6.5,smart,100,15:55,1
DEI,-7.5,-6.5,smart,100,15:55,1
STRL,-7.5,-6.5,smart,100,15:55,1
SHOO,-7.5,-6.5,smart,100,15:55,1
ARCB,-7.5,-6.5,smart,100,15:55,1
HMY,-7.5,-6.5,smart,100,15:55,1
XPRO,-7.5,-6.5,smart,100,15:55,1
NAD,-7.5,-6.5,smart,100,15:55,1
GETY,-7.5,-6.5,smart,100,15:55,1
REZI,-7.5,-6.5,smart,100,15:55,1
ACVA,-7.5,-6.5,smart,100,15:55,1
JWN,-7.5,-6.5,smart,100,15:55,1
CPE,-7.5,-6.5,smart,100,15:55,1
ATAT,-7.5,-6.5,smart,100,15:55,1
THS,-7.5,-6.5,smart,100,15:55,1
CNK,-7.5,-6.5,smart,100,15:55,1
BATRK,-7.5,-6.5,smart,100,15:55,1
HL,-7.5,-6.5,smart,100,15:55,1
AMPH,-7.5,-6.5,smart,100,15:55,1
ACIW,-7.5,-6.5,smart,100,15:55,1
SLG,-7.5,-6.5,smart,100,15:55,1
CERT,-7.5,-6.5,smart,100,15:55,1
FHB,-7.5,-6.5,smart,100,15:55,1
UPST,-7.5,-6.5,smart,100,15:55,1
XENE,-7.5,-6.5,smart,100,15:55,1
ZLAB,-7.5,-6.5,smart,100,15:55,1
PRGS,-7.5,-6.5,smart,100,15:55,1
SOVO,-7.5,-6.5,smart,100,15:55,1
CBU,-7.5,-6.5,smart,100,15:55,1
CVBF,-7.5,-6.5,smart,100,15:55,1
EXPI,-7.5,-6.5,smart,100,15:55,1
CALM,-7.5,-6.5,smart,100,15:55,1
TRMD,-7.5,-6.5,smart,100,15:55,1
EXG,-7.5,-6.5,smart,100,15:55,1
AX,-7.5,-6.5,smart,100,15:55,1
PAYO,-7.5,-6.5,smart,100,15:55,1
CEPU,-7.5,-6.5,smart,100,15:55,1
JAMF,-7.5,-6.5,smart,100,15:55,1
MHO,-7.5,-6.5,smart,100,15:55,1
NMIH,-7.5,-6.5,smart,100,15:55,1
LAUR,-7.5,-6.5,smart,100,15:55,1
AESI,-7.5,-6.5,smart,100,15:55,1
TRIP,-7.5,-6.5,smart,100,15:55,1
VET,-7.5,-6.5,smart,100,15:55,1
TFII,-7.5,-6.5,smart,100,15:55,1
BB,-7.5,-6.5,smart,100,15:55,1
RKLB,-7.5,-6.5,smart,100,15:55,1
RXO,-7.5,-6.5,smart,100,15:55,1
OR,-7.5,-6.5,smart,100,15:55,1
NVG,-7.5,-6.5,smart,100,15:55,1
RUN,-7.5,-6.5,smart,100,15:55,1
AUB,-7.5,-6.5,smart,100,15:55,1
GFF,-7.5,-6.5,smart,100,15:55,1
PRMW,-7.5,-6.5,smart,100,15:55,1
MRCY,-7.5,-6.5,smart,100,15:55,1
LSPD,-7.5,-6.5,smart,100,15:55,1
PRFT,-7.5,-6.5,smart,100,15:55,1
NAVI,-7.5,-6.5,smart,100,15:55,1
IDCC,-7.5,-6.5,smart,100,15:55,1
BBAR,-7.5,-6.5,smart,100,15:55,1
NEP,-7.5,-6.5,smart,100,15:55,1
SFNC,-7.5,-6.5,smart,100,15:55,1
ENV,-7.5,-6.5,smart,100,15:55,1
NVEI,-7.5,-6.5,smart,100,15:55,1
ROAD,-7.5,-6.5,smart,100,15:55,1
VCTR,-7.5,-6.5,smart,100,15:55,1
FSR,-7.5,-6.5,smart,100,15:55,1
NS,-7.5,-6.5,smart,100,15:55,1
INSW,-7.5,-6.5,smart,100,15:55,1
PACB,-7.5,-6.5,smart,100,15:55,1
AMBA,-7.5,-6.5,smart,100,15:55,1
PZZA,-7.5,-6.5,smart,100,15:55,1
DNUT,-7.5,-6.5,smart,100,15:55,1
PPBI,-7.5,-6.5,smart,100,15:55,1
UEC,-7.5,-6.5,smart,100,15:55,1
KSS,-7.5,-6.5,smart,100,15:55,1
HIW,-7.5,-6.5,smart,100,15:55,1
ENR,-7.5,-6.5,smart,100,15:55,1
ESRT,-7.5,-6.5,smart,100,15:55,1
TIXT,-7.5,-6.5,smart,100,15:55,1
CTRE,-7.5,-6.5,smart,100,15:55,1
FA,-7.5,-6.5,smart,100,15:55,1
FSLY,-7.5,-6.5,smart,100,15:55,1
AY,-7.5,-6.5,smart,100,15:55,1
EQC,-7.5,-6.5,smart,100,15:55,1
GDRX,-7.5,-6.5,smart,100,15:55,1
BLMN,-7.5,-6.5,smart,100,15:55,1
LZ,-7.5,-6.5,smart,100,15:55,1
SBLK,-7.5,-6.5,smart,100,15:55,1
PD,-7.5,-6.5,smart,100,15:55,1
RDNT,-7.5,-6.5,smart,100,15:55,1
DOCN,-7.5,-6.5,smart,100,15:55,1
DQ,-7.5,-6.5,smart,100,15:55,1
MWA,-7.5,-6.5,smart,100,15:55,1
GDS,-7.5,-6.5,smart,100,15:55,1
FULT,-7.5,-6.5,smart,100,15:55,1
NZF,-11,-10,smart,100,15:55,1
SDGR,-11,-10,smart,100,15:55,1
PARR,-11,-10,smart,100,15:55,1
FCPT,-11,-10,smart,100,15:55,1
BVN,-11,-10,smart,100,15:55,1
KMT,-11,-10,smart,100,15:55,1
NZF,-11,-10,smart,35,15:55,1
CRCT,-11,-10,smart,35,15:55,1
SDGR,-11,-10,smart,35,15:55,1
PARR,-11,-10,smart,35,15:55,1
CCS,-11,-10,smart,35,15:55,1
FCPT,-11,-10,smart,35,15:55,1
BVN,-11,-10,smart,35,15:55,1
KMT,-11,-10,smart,35,15:55,1
EBC,-11,-10,smart,35,15:55,1
CARG,-11,-10,smart,35,15:55,1
SHO,-11,-10,smart,35,15:55,1
DFH,-11,-10,smart,35,15:55,1
DAN,-11,-10,smart,35,15:55,1
OMCL,-11,-10,smart,35,15:55,1
ATRC,-11,-10,smart,35,15:55,1
DRVN,-11,-10,smart,35,15:55,1
KTOS,-11,-10,smart,35,15:55,1
HRMY,-11,-10,smart,35,15:55,1
KW,-11,-10,smart,35,15:55,1
RAMP,-11,-10,smart,35,15:55,1
GNL,-11,-10,smart,35,15:55,1
HESM,-11,-10,smart,35,15:55,1
PALAF,-11,-10,smart,35,15:55,1
AROC,-11,-10,smart,35,15:55,1
VSAT,-11,-10,smart,35,15:55,1
BHVN,-11,-10,smart,35,15:55,1
BOH,-11,-10,smart,35,15:55,1
DVAX,-11,-10,smart,35,15:55,1
IAS,-11,-10,smart,35,15:55,1
CRGY,-11,-10,smart,35,15:55,1
NTCT,-11,-10,smart,35,15:55,1
CHX,-11,-10,smart,35,15:55,1
TALO,-11,-10,smart,35,15:55,1
TCN,-11,-10,smart,35,15:55,1
WLY,-11,-10,smart,35,15:55,1
GTX,-11,-10,smart,35,15:55,1
LRN,-11,-10,smart,35,15:55,1
HPK,-11,-10,smart,35,15:55,1
ARCO,-11,-10,smart,35,15:55,1
TDS,-11,-10,smart,35,15:55,1
FFBC,-11,-10,smart,35,15:55,1
STAA,-11,-10,smart,35,15:55,1
FUN,-11,-10,smart,35,15:55,1
MARA,-11,-10,smart,35,15:55,1
FL,-11,-10,smart,35,15:55,1
TBBK,-11,-10,smart,35,15:55,1
IHS,-11,-10,smart,35,15:55,1
QTWO,-11,-10,smart,35,15:55,1
RCKT,-11,-10,smart,35,15:55,1
LAC,-11,-10,smart,35,15:55,1
HTH,-11,-10,smart,35,15:55,1
LAC,-11,-10,smart,35,15:55,1
UE,-11,-10,smart,35,15:55,1
ETY,-11,-10,smart,35,15:55,1
GRBK,-11,-10,smart,35,15:55,1
PTON,-11,-10,smart,35,15:55,1
SBCF,-11,-10,smart,35,15:55,1
FWRD,-11,-10,smart,35,15:55,1
FMCC,-11,-10,smart,35,15:55,1
FMCKJ,-11,-10,smart,35,15:55,1
NMRA,-11,-10,smart,35,15:55,1
RIOT,-11,-10,smart,35,15:55,1
BOWL,-11,-10,smart,35,15:55,1
EGO,-11,-10,smart,35,15:55,1
SIX,-11,-10,smart,35,15:55,1
EPC,-11,-10,smart,35,15:55,1
AMC,-11,-10,smart,35,15:55,1
VIAV,-11,-10,smart,35,15:55,1
UTF,-11,-10,smart,35,15:55,1
VSTO,-11,-10,smart,35,15:55,1
SIMO,-11,-10,smart,35,15:55,1
AVDX,-11,-10,smart,35,15:55,1
ATGE,-11,-10,smart,35,15:55,1
RES,-11,-10,smart,35,15:55,1
MLKN,-11,-10,smart,35,15:55,1
SGHC,-11,-10,smart,35,15:55,1
TROX,-11,-10,smart,35,15:55,1
ZETA,-11,-10,smart,35,15:55,1
MXL,-11,-10,smart,35,15:55,1
SKYW,-11,-10,smart,35,15:55,1
CRNX,-11,-10,smart,35,15:55,1
TRN,-11,-10,smart,35,15:55,1
RNW,-11,-10,smart,35,15:55,1
SLVM,-11,-10,smart,35,15:55,1
ODP,-11,-10,smart,35,15:55,1
SPR,-11,-10,smart,35,15:55,1
UTG,-11,-10,smart,35,15:55,1
TSLX,-11,-10,smart,35,15:55,1
VTYX,-11,-10,smart,35,15:55,1
WGO,-11,-10,smart,35,15:55,1
UTZ,-11,-10,smart,35,15:55,1
OPEN,-11,-10,smart,35,15:55,1
RC,-11,-10,smart,35,15:55,1
AMBP,-11,-10,smart,35,15:55,1
FIHL,-11,-10,smart,35,15:55,1
BORR,-11,-10,smart,35,15:55,1
AMRC,-11,-10,smart,35,15:55,1
SPNT,-11,-10,smart,35,15:55,1
ATMU,-11,-10,smart,35,15:55,1
DRH,-11,-10,smart,35,15:55,1
NUV,-11,-10,smart,35,15:55,1
ACLX,-11,-10,smart,35,15:55,1
VGR,-11,-10,smart,35,15:55,1
WAFD,-11,-10,smart,35,15:55,1
TMDX,-11,-10,smart,35,15:55,1
GVA,-11,-10,smart,35,15:55,1
TOWN,-11,-10,smart,35,15:55,1
BEAM,-11,-10,smart,35,15:55,1
ANDE,-11,-10,smart,35,15:55,1
PRIM,-11,-10,smart,35,15:55,1
COHU,-11,-10,smart,35,15:55,1
GPRE,-11,-10,smart,35,15:55,1
ENVX,-11,-10,smart,35,15:55,1
LAZR,-11,-10,smart,35,15:55,1
KAR,-11,-10,smart,35,15:55,1
MCW,-11,-10,smart,35,15:55,1
ALKT,-11,-10,smart,35,15:55,1
HNI,-11,-10,smart,35,15:55,1
HBM,-11,-10,smart,35,15:55,1
JBGS,-11,-10,smart,35,15:55,1
PEB,-11,-10,smart,35,15:55,1
BKU,-11,-10,smart,35,15:55,1
CWK,-11,-10,smart,35,15:55,1
TV,-11,-10,smart,35,15:55,1
DK,-11,-10,smart,35,15:55,1
WRBY,-11,-10,smart,35,15:55,1
VCEL,-11,-10,smart,35,15:55,1
TGLS,-11,-10,smart,35,15:55,1
PTCT,-11,-10,smart,35,15:55,1
IVT,-11,-10,smart,35,15:55,1
UPBD,-11,-10,smart,35,15:55,1
SONO,-11,-10,smart,35,15:55,1
VRE,-11,-10,smart,35,15:55,1
IBTX,-11,-10,smart,35,15:55,1
LILA,-11,-10,smart,35,15:55,1
TH,-11,-10,smart,35,15:55,1
NXGN,-11,-10,smart,35,15:55,1
GOGL,-11,-10,smart,35,15:55,1
CRTO,-11,-10,smart,35,15:55,1
VCYT,-11,-10,smart,35,15:55,1
LILAK,-11,-10,smart,35,15:55,1
USA,-11,-10,smart,35,15:55,1
MRTN,-11,-10,smart,35,15:55,1
JBLU,-11,-10,smart,35,15:55,1
BMEZ,-11,-10,smart,35,15:55,1
CBAY,-11,-10,smart,35,15:55,1
PRO,-11,-10,smart,35,15:55,1
DHT,-11,-10,smart,35,15:55,1
BCAT,-11,-10,smart,35,15:55,1
BKE,-11,-10,smart,35,15:55,1
FLNG,-11,-10,smart,35,15:55,1
CSGS,-11,-10,smart,35,15:55,1
HLMN,-11,-10,smart,35,15:55,1
SWI,-11,-10,smart,35,15:55,1
JBI,-11,-10,smart,35,15:55,1
CHPT,-11,-10,smart,35,15:55,1
NEO,-11,-10,smart,35,15:55,1
CWH,-11,-10,smart,35,15:55,1
CMTG,-11,-10,smart,35,15:55,1
ROIC,-11,-10,smart,35,15:55,1
VECO,-11,-10,smart,35,15:55,1
GOF,-11,-10,smart,35,15:55,1
GSBD,-11,-10,smart,35,15:55,1
NBTB,-11,-10,smart,35,15:55,1
IDYA,-11,-10,smart,35,15:55,1
SWTX,-11,-10,smart,35,15:55,1
RLJ,-11,-10,smart,35,15:55,1
PGTI,-11,-10,smart,35,15:55,1
NGVT,-11,-10,smart,35,15:55,1
TLRY,-11,-10,smart,35,15:55,1
BIGZ,-11,-10,smart,35,15:55,1
MIR,-11,-10,smart,35,15:55,1
HASI,-11,-10,smart,35,15:55,1
HLX,-11,-10,smart,35,15:55,1
SFL,-11,-10,smart,35,15:55,1
BFH,-11,-10,smart,35,15:55,1
UPWK,-11,-10,smart,35,15:55,1
SAH,-11,-10,smart,35,15:55,1
GOGO,-11,-10,smart,35,15:55,1
CTOS,-11,-10,smart,35,15:55,1
MDRX,-11,-10,smart,35,15:55,1
ATSG,-11,-10,smart,35,15:55,1
IRWD,-11,-10,smart,35,15:55,1
AG,-11,-10,smart,35,15:55,1
PLAY,-11,-10,smart,35,15:55,1
PRCT,-11,-10,smart,35,15:55,1
EPAC,-11,-10,smart,35,15:55,1
CAKE,-11,-10,smart,35,15:55,1
HEES,-11,-10,smart,35,15:55,1
SUPN,-11,-10,smart,35,15:55,1
KRP,-11,-10,smart,35,15:55,1
CBRL,-11,-10,smart,35,15:55,1
NVCR,-11,-10,smart,35,15:55,1
COCO,-11,-10,smart,35,15:55,1
RXRX,-11,-10,smart,35,15:55,1
OCSL,-11,-10,smart,35,15:55,1
CLBT,-11,-10,smart,35,15:55,1
ECAT,-11,-10,smart,35,15:55,1
GAB,-11,-10,smart,35,15:55,1
CRSR,-11,-10,smart,35,15:55,1
ODD,-11,-10,smart,35,15:55,1
OFG,-11,-10,smart,35,15:55,1
MBC,-11,-10,smart,35,15:55,1
SMTC,-11,-10,smart,35,15:55,1
PI,-11,-10,smart,35,15:55,1
GOOS,-11,-10,smart,35,15:55,1
ACDC,-11,-10,smart,35,15:55,1
RUM,-11,-10,smart,35,15:55,1
CVAC,-11,-10,smart,35,15:55,1
ETWO,-11,-10,smart,35,15:55,1
RVT,-11,-10,smart,35,15:55,1
ALGT,-11,-10,smart,35,15:55,1
CSIQ,-11,-10,smart,35,15:55,1
UDMY,-11,-10,smart,35,15:55,1
ZNTL,-11,-10,smart,35,15:55,1
NMRK,-11,-10,smart,35,15:55,1
VRNOF,-11,-10,smart,35,15:55,1
ARI,-11,-10,smart,35,15:55,1
ALHC,-11,-10,smart,35,15:55,1
OUT,-11,-10,smart,35,15:55,1
JKS,-11,-10,smart,35,15:55,1
AAT,-11,-10,smart,35,15:55,1
VRNT,-11,-10,smart,35,15:55,1
PERI,-11,-10,smart,35,15:55,1
RYTM,-11,-10,smart,35,15:55,1
ETV,-11,-10,smart,35,15:55,1
BDJ,-11,-10,smart,35,15:55,1
PTY,-11,-10,smart,35,15:55,1
TBLA,-11,-10,smart,35,15:55,1
GTY,-11,-10,smart,35,15:55,1
PCRX,-11,-10,smart,35,15:55,1
NAC,-11,-10,smart,35,15:55,1
ATUS,-11,-10,smart,35,15:55,1
DNN,-11,-10,smart,35,15:55,1
NKLA,-11,-10,smart,35,15:55,1
PRG,-11,-10,smart,35,15:55,1
SHCO,-11,-10,smart,35,15:55,1
DO,-11,-10,smart,35,15:55,1
TNK,-11,-10,smart,35,15:55,1
ATEC,-11,-10,smart,35,15:55,1
AKR,-11,-10,smart,35,15:55,1
TWKS,-11,-10,smart,35,15:55,1
AGIO,-11,-10,smart,35,15:55,1
CPRX,-11,-10,smart,35,15:55,1
MNTK,-11,-10,smart,35,15:55,1
KN,-11,-10,smart,35,15:55,1
SAND,-11,-10,smart,35,15:55,1
HBI,-11,-10,smart,35,15:55,1
TTMI,-11,-10,smart,35,15:55,1
SSTK,-11,-10,smart,35,15:55,1
CNNE,-11,-10,smart,35,15:55,1
KGS,-11,-10,smart,35,15:55,1
RQI,-11,-10,smart,35,15:55,1
TRMK,-11,-10,smart,35,15:55,1
UCTT,-11,-10,smart,35,15:55,1
FINV,-11,-10,smart,35,15:55,1
HIMS,-11,-10,smart,35,15:55,1
JACK,-11,-10,smart,35,15:55,1
NWBI,-11,-10,smart,35,15:55,1
HLF,-11,-10,smart,35,15:55,1
LUMN,-11,-10,smart,35,15:55,1
EAT,-11,-10,smart,35,15:55,1
EQX,-11,-10,smart,35,15:55,1
SPHR,-11,-10,smart,35,15:55,1
LTC,-11,-10,smart,35,15:55,1
WKC,-11,-10,smart,35,15:55,1
SABR,-11,-10,smart,35,15:55,1
XHR,-11,-10,smart,35,15:55,1
PNT,-11,-10,smart,35,15:55,1
CLDX,-11,-10,smart,35,15:55,1
FOR,-11,-10,smart,35,15:55,1
PLAB,-11,-10,smart,35,15:55,1
MOMO,-11,-10,smart,35,15:55,1
LZB,-11,-10,smart,35,15:55,1
HOLI,-11,-10,smart,35,15:55,1
HE,-11,-10,smart,35,15:55,1
ABCL,-11,-10,smart,35,15:55,1
SEAT,-11,-10,smart,35,15:55,1
PDO,-11,-10,smart,35,15:55,1
CXW,-11,-10,smart,35,15:55,1
NMFC,-11,-10,smart,35,15:55,1
AVPT,-11,-10,smart,35,15:55,1
SCS,-11,-10,smart,35,15:55,1
ARHS,-11,-10,smart,35,15:55,1
AMPL,-11,-10,smart,35,15:55,1
STER,-11,-10,smart,35,15:55,1
SG,-11,-10,smart,35,15:55,1
AMRX,-11,-10,smart,35,15:55,1
BSTZ,-11,-10,smart,35,15:55,1
MRUS,-11,-10,smart,35,15:55,1
TNDM,-11,-10,smart,35,15:55,1
IE,-11,-10,smart,35,15:55,1
FCF,-11,-10,smart,35,15:55,1
MYGN,-11,-10,smart,35,15:55,1
SMMT,-11,-10,smart,35,15:55,1
OSCR,-11,-10,smart,35,15:55,1
LADR,-11,-10,smart,35,15:55,1
DNOW,-11,-10,smart,35,15:55,1
PHIN,-11,-10,smart,35,15:55,1
RCUS,-11,-10,smart,35,15:55,1
UUUU,-11,-10,smart,35,15:55,1
SGH,-11,-10,smart,35,15:55,1
STGW,-11,-10,smart,35,15:55,1
GBX,-11,-10,smart,35,15:55,1
RILY,-11,-10,smart,35,15:55,1
JPS,-11,-10,smart,35,15:55,1
GEL,-11,-10,smart,35,15:55,1
SVC,-11,-10,smart,35,15:55,1
TTEC,-11,-10,smart,35,15:55,1
OLPX,-11,-10,smart,35,15:55,1
SATS,-11,-10,smart,35,15:55,1
BCRX,-11,-10,smart,35,15:55,1
TNGX,-11,-10,smart,35,15:55,1
HMN,-11,-10,smart,35,15:55,1
XNCR,-11,-10,smart,35,15:55,1
HYT,-11,-10,smart,35,15:55,1
VRNA,-11,-10,smart,35,15:55,1
ELME,-11,-10,smart,35,15:55,1
EYE,-11,-10,smart,35,15:55,1
ETNB,-11,-10,smart,35,15:55,1
AMLX,-11,-10,smart,35,15:55,1
VIR,-11,-10,smart,35,15:55,1
ZIP,-11,-10,smart,35,15:55,1
ALEX,-11,-10,smart,35,15:55,1
NG,-11,-10,smart,35,15:55,1
OEC,-11,-10,smart,35,15:55,1
DEA,-11,-10,smart,35,15:55,1
SAGE,-11,-10,smart,35,15:55,1
AVID,-11,-10,smart,35,15:55,1
DADA,-11,-10,smart,35,15:55,1
COMP,-11,-10,smart,35,15:55,1
OMI,-11,-10,smart,35,15:55,1
NEXT,-11,-10,smart,35,15:55,1
LPG,-11,-10,smart,35,15:55,1
CIM,-11,-10,smart,35,15:55,1
ZIM,-11,-10,smart,35,15:55,1
SEMR,-11,-10,smart,35,15:55,1
VKTX,-11,-10,smart,35,15:55,1
KNSA,-11,-10,smart,35,15:55,1
OPK,-11,-10,smart,35,15:55,1
AGRO,-11,-10,smart,35,15:55,1
TWO,-11,-10,smart,35,15:55,1
SCHL,-11,-10,smart,35,15:55,1
HTLD,-11,-10,smart,35,15:55,1
CARS,-11,-10,smart,35,15:55,1
HSAI,-11,-10,smart,35,15:55,1
MIRM,-11,-10,smart,35,15:55,1
ECVT,-11,-10,smart,35,15:55,1
PTLO,-11,-10,smart,35,15:55,1
DSL,-11,-10,smart,35,15:55,1
MSGE,-11,-10,smart,35,15:55,1
PFS,-11,-10,smart,35,15:55,1
PRDO,-11,-10,smart,35,15:55,1
ROVR,-11,-10,smart,35,15:55,1
ENFN,-11,-10,smart,35,15:55,1
DH,-11,-10,smart,35,15:55,1
CMRE,-11,-10,smart,35,15:55,1
EVRI,-11,-10,smart,35,15:55,1
ERII,-11,-10,smart,35,15:55,1
KC,-11,-10,smart,35,15:55,1
CIR,-11,-10,smart,35,15:55,1
AEHR,-11,-10,smart,35,15:55,1
MORF,-11,-10,smart,35,15:55,1
NOVA,-11,-10,smart,35,15:55,1
PROK,-11,-10,smart,35,15:55,1
ZUO,-11,-10,smart,35,15:55,1
KYN,-11,-10,smart,35,15:55,1
HCCI,-11,-10,smart,35,15:55,1
ACMR,-11,-10,smart,35,15:55,1
NAPA,-11,-10,smart,35,15:55,1
ECX,-11,-10,smart,35,15:55,1
RYZB,-11,-10,smart,35,15:55,1
CMP,-11,-10,smart,35,15:55,1
GES,-11,-10,smart,35,15:55,1
OSW,-11,-10,smart,35,15:55,1
GENI,-11,-10,smart,35,15:55,1
MPLN,-11,-10,smart,35,15:55,1
PGY,-11,-10,smart,35,15:55,1
NVTS,-11,-10,smart,35,15:55,1
VSCO,-11,-10,smart,35,15:55,1
JELD,-11,-10,smart,35,15:55,1
DOLE,-11,-10,smart,35,15:55,1
TGTX,-11,-10,smart,35,15:55,1
EQRX,-11,-10,smart,35,15:55,1
PAR,-11,-10,smart,35,15:55,1
SKWD,-11,-10,smart,35,15:55,1
APGE,-11,-10,smart,35,15:55,1
MNKD,-11,-10,smart,35,15:55,1
DAWN,-11,-10,smart,35,15:55,1
FSCO,-11,-10,smart,35,15:55,1
PUMP,-11,-10,smart,35,15:55,1
IMAX,-11,-10,smart,35,15:55,1
SMR,-11,-10,smart,35,15:55,1
GIII,-11,-10,smart,35,15:55,1
MD,-11,-10,smart,35,15:55,1
CLB,-11,-10,smart,35,15:55,1
HOPE,-11,-10,smart,35,15:55,1
UNIT,-11,-10,smart,35,15:55,1
JFR,-11,-10,smart,35,15:55,1
AHCO,-11,-10,smart,35,15:55,1
GEO,-11,-10,smart,35,15:55,1
MAG,-11,-10,smart,35,15:55,1
PLRX,-11,-10,smart,35,15:55,1
FIGS,-11,-10,smart,35,15:55,1
FBRT,-11,-10,smart,35,15:55,1
TRUP,-11,-10,smart,35,15:55,1
TWST,-11,-10,smart,35,15:55,1
EVV,-11,-10,smart,35,15:55,1
CUBI,-11,-10,smart,35,15:55,1
BLDP,-11,-10,smart,35,15:55,1
ULCC,-11,-10,smart,35,15:55,1
HKD,-11,-10,smart,35,15:55,1
ARGO,-11,-10,smart,35,15:55,1
NBR,-11,-10,smart,35,15:55,1
AIV,-11,-10,smart,35,15:55,1
AUPH,-11,-10,smart,35,15:55,1
LAAC,-11,-10,smart,35,15:55,1
WT,-11,-10,smart,35,15:55,1
HLIT,-11,-10,smart,35,15:55,1
MGNI,-11,-10,smart,35,15:55,1
PMT,-11,-10,smart,35,15:55,1
RVLV,-11,-10,smart,35,15:55,1
IAG,-11,-10,smart,35,15:55,1
SPH,-11,-10,smart,35,15:55,1
GRND,-11,-10,smart,35,15:55,1
FWRG,-11,-10,smart,35,15:55,1
SAFE,-11,-10,smart,35,15:55,1
ORLA,-11,-10,smart,35,15:55,1
IRBT,-11,-10,smart,35,15:55,1
RLAY,-11,-10,smart,35,15:55,1
IOVA,-11,-10,smart,35,15:55,1
NTST,-11,-10,smart,35,15:55,1
VZIO,-11,-10,smart,35,15:55,1
PLYA,-11,-10,smart,35,15:55,1
WNC,-11,-10,smart,35,15:55,1
QTRX,-11,-10,smart,35,15:55,1
LESL,-11,-10,smart,35,15:55,1
ARVN,-11,-10,smart,35,15:55,1
PHR,-11,-10,smart,35,15:55,1
PGRE,-11,-10,smart,35,15:55,1
EH,-11,-10,smart,35,15:55,1
AVDL,-11,-10,smart,35,15:55,1
SLCA,-11,-10,smart,35,15:55,1
OXLC,-11,-10,smart,35,15:55,1
VTLE,-11,-10,smart,35,15:55,1
SLRN,-11,-10,smart,35,15:55,1
VBTX,-11,-10,smart,35,15:55,1
RYI,-11,-10,smart,35,15:55,1
NMZ,-11,-10,smart,35,15:55,1
HIMX,-11,-10,smart,35,15:55,1
OPRA,-11,-10,smart,35,15:55,1
IBRX,-11,-10,smart,35,15:55,1
REPL,-11,-10,smart,35,15:55,1
INDI,-11,-10,smart,35,15:55,1
BCSF,-11,-10,smart,35,15:55,1
CVII,-11,-10,smart,35,15:55,1
ADEA,-11,-10,smart,35,15:55,1
NUS,-11,-10,smart,35,15:55,1
RXST,-11,-10,smart,35,15:55,1
CHGG,-11,-10,smart,35,15:55,1
SPWR,-11,-10,smart,35,15:55,1
EB,-11,-10,smart,35,15:55,1
TCNNF,-11,-10,smart,35,15:55,1
REVG,-11,-10,smart,35,15:55,1
VTEX,-11,-10,smart,35,15:55,1
ADV,-11,-10,smart,35,15:55,1
GERN,-11,-10,smart,35,15:55,1
EWCZ,-11,-10,smart,35,15:55,1
BBDC,-11,-10,smart,35,15:55,1
CAL,-11,-10,smart,35,15:55,1
CLM,-11,-10,smart,35,15:55,1
OLO,-11,-10,smart,35,15:55,1
GSM,-11,-10,smart,35,15:55,1
ACEL,-11,-10,smart,35,15:55,1
DCPH,-11,-10,smart,35,15:55,1
GDYN,-11,-10,smart,35,15:55,1
AVTA,-11,-10,smart,35,15:55,1
RVNC,-11,-10,smart,35,15:55,1
PTGX,-11,-10,smart,35,15:55,1
PRA,-11,-10,smart,35,15:55,1
AHH,-11,-10,smart,35,15:55,1
WOOF,-11,-10,smart,35,15:55,1
FVRR,-11,-10,smart,35,15:55,1
EVGO,-11,-10,smart,35,15:55,1
DGII,-11,-10,smart,35,15:55,1
SASR,-11,-10,smart,35,15:55,1
MUC,-11,-10,smart,35,15:55,1
ARR,-11,-10,smart,35,15:55,1
TMST,-11,-10,smart,35,15:55,1
CHS,-11,-10,smart,35,15:55,1
ARCE,-11,-10,smart,35,15:55,1
MODN,-11,-10,smart,35,15:55,1
FNA,-11,-10,smart,35,15:55,1
UMH,-11,-10,smart,35,15:55,1
NWBO,-11,-10,smart,35,15:55,1
PACW,-11,-10,smart,35,15:55,1
RSI,-11,-10,smart,35,15:55,1
EVBG,-11,-10,smart,35,15:55,1
ARLO,-11,-10,smart,35,15:55,1
WTTR,-11,-10,smart,35,15:55,1
AVNS,-11,-10,smart,35,15:55,1
ARKO,-11,-10,smart,35,15:55,1
HAIN,-11,-10,smart,35,15:55,1
EAF,-11,-10,smart,35,15:55,1
ANGI,-11,-10,smart,35,15:55,1
MFA,-11,-10,smart,35,15:55,1
BCYC,-11,-10,smart,35,15:55,1
RPT,-11,-10,smart,35,15:55,1
KRNT,-11,-10,smart,35,15:55,1
BHLB,-11,-10,smart,35,15:55,1
BBN,-11,-10,smart,35,15:55,1
SNDX,-11,-10,smart,35,15:55,1
AZUL,-11,-10,smart,35,15:55,1
CSWC,-11,-10,smart,35,15:55,1
DRQ,-11,-10,smart,35,15:55,1
KLG,-11,-10,smart,35,15:55,1
INVA,-11,-10,smart,35,15:55,1
ARDX,-11,-10,smart,35,15:55,1
FSM,-11,-10,smart,35,15:55,1
CCRN,-11,-10,smart,35,15:55,1
PCT,-11,-10,smart,35,15:55,1
SFWL,-11,-10,smart,35,15:55,1
SA,-11,-10,smart,35,15:55,1
COGT,-11,-10,smart,35,15:55,1
SBH,-11,-10,smart,35,15:55,1
ATEN,-11,-10,smart,35,15:55,1
INFN,-11,-10,smart,35,15:55,1
SSYS,-11,-10,smart,35,15:55,1
MDXG,-11,-10,smart,35,15:55,1
MNRO,-11,-10,smart,35,15:55,1
LPRO,-11,-10,smart,35,15:55,1
EXTO,-11,-10,smart,35,15:55,1
EFC,-11,-10,smart,35,15:55,1
MEI,-11,-10,smart,35,15:55,1
TASK,-11,-10,smart,35,15:55,1
NAT,-11,-10,smart,35,15:55,1
OCFC,-11,-10,smart,35,15:55,1
PWP,-11,-10,smart,35,15:55,1
HPP,-11,-10,smart,35,15:55,1
XMTR,-11,-10,smart,35,15:55,1
CLNE,-11,-10,smart,35,15:55,1
CDE,-11,-10,smart,35,15:55,1
IMTX,-11,-10,smart,35,15:55,1
MRC,-11,-10,smart,35,15:55,1
INBX,-11,-10,smart,35,15:55,1
TDCX,-11,-10,smart,35,15:55,1
SNCY,-11,-10,smart,35,15:55,1
AXL,-11,-10,smart,35,15:55,1
TTGT,-11,-10,smart,35,15:55,1
LMND,-11,-10,smart,35,15:55,1
CRF,-11,-10,smart,35,15:55,1
SIBN,-11,-10,smart,35,15:55,1
WW,-11,-10,smart,35,15:55,1
SXC,-11,-10,smart,35,15:55,1
BASE,-11,-10,smart,35,15:55,1
COLL,-11,-10,smart,35,15:55,1
SBOW,-11,-10,smart,35,15:55,1
ASTS,-11,-10,smart,35,15:55,1
BTZ,-11,-10,smart,35,15:55,1
DLX,-11,-10,smart,35,15:55,1
SDA,-11,-10,smart,35,15:55,1
PRME,-11,-10,smart,35,15:55,1
GRNT,-11,-10,smart,35,15:55,1
YALA,-11,-10,smart,35,15:55,1
FLGT,-11,-10,smart,35,15:55,1
ETW,-11,-10,smart,35,15:55,1
UNFI,-11,-10,smart,35,15:55,1
TWI,-11,-10,smart,35,15:55,1
SLRC,-11,-10,smart,35,15:55,1
NSSC,-11,-10,smart,35,15:55,1
TUYA,-11,-10,smart,35,15:55,1
VLRS,-11,-10,smart,35,15:55,1
SAVA,-11,-10,smart,35,15:55,1
SPTN,-11,-10,smart,35,15:55,1
KYMR,-11,-10,smart,35,15:55,1
NBXG,-11,-10,smart,35,15:55,1
RWT,-11,-10,smart,35,15:55,1
TIGR,-11,-10,smart,35,15:55,1
OSTK,-11,-10,smart,35,15:55,1
VERV,-11,-10,smart,35,15:55,1
XPOF,-11,-10,smart,35,15:55,1
EMBC,-11,-10,smart,35,15:55,1
KREF,-11,-10,smart,35,15:55,1
BRSP,-11,-10,smart,35,15:55,1
AOD,-11,-10,smart,35,15:55,1
SES,-11,-10,smart,35,15:55,1
ICPT,-11,-10,smart,35,15:55,1
BCX,-11,-10,smart,35,15:55,1
BRKL,-11,-10,smart,35,15:55,1
CRON,-11,-10,smart,35,15:55,1
YEXT,-11,-10,smart,35,15:55,1
RDFN,-11,-10,smart,35,15:55,1
HCSG,-11,-10,smart,35,15:55,1
ASLE,-11,-10,smart,35,15:55,1
VREX,-11,-10,smart,35,15:55,1
AGTI,-11,-10,smart,35,15:55,1
DIN,-11,-10,smart,35,15:55,1
ADMA,-11,-10,smart,35,15:55,1
CNDT,-11,-10,smart,35,15:55,1
NYMT,-11,-10,smart,35,15:55,1
CHEF,-11,-10,smart,35,15:55,1
SKIN,-11,-10,smart,35,15:55,1
CRNC,-11,-10,smart,35,15:55,1
LNZA,-11,-10,smart,35,15:55,1
TMCI,-11,-10,smart,35,15:55,1
SANA,-11,-10,smart,35,15:55,1
RSKD,-11,-10,smart,35,15:55,1
KIND,-11,-10,smart,35,15:55,1
CTKB,-11,-10,smart,35,15:55,1
PL,-11,-10,smart,35,15:55,1
TTI,-11,-10,smart,35,15:55,1
MATV,-11,-10,smart,35,15:55,1
INN,-11,-10,smart,35,15:55,1
CRLBF,-11,-10,smart,35,15:55,1
NGD,-11,-10,smart,35,15:55,1
PRAA,-11,-10,smart,35,15:55,1
LXU,-11,-10,smart,35,15:55,1
BIGC,-11,-10,smart,35,15:55,1
HRT,-11,-10,smart,35,15:55,1
BKD,-11,-10,smart,35,15:55,1
FTCH,-11,-10,smart,35,15:55,1
BZH,-11,-10,smart,35,15:55,1
BV,-11,-10,smart,35,15:55,1
FUBO,-11,-10,smart,35,15:55,1
NVAX,-11,-10,smart,35,15:55,1
SCU,-11,-10,smart,35,15:55,1
BANC,-11,-10,smart,35,15:55,1
DBI,-11,-10,smart,35,15:55,1
HUYA,-11,-10,smart,35,15:55,1
GDOT,-11,-10,smart,35,15:55,1
RGNX,-11,-10,smart,35,15:55,1
NFGC,-11,-10,smart,35,15:55,1
AMPS,-11,-10,smart,35,15:55,1
EVLV,-11,-10,smart,35,15:55,1
HZO,-11,-10,smart,35,15:55,1
ADPT,-11,-10,smart,35,15:55,1
BDN,-11,-10,smart,35,15:55,1
GOTU,-11,-10,smart,35,15:55,1
KURA,-11,-10,smart,35,15:55,1
OLMA,-11,-10,smart,35,15:55,1
PSFE,-11,-10,smart,35,15:55,1
JQC,-11,-10,smart,35,15:55,1
DRD,-11,-10,smart,35,15:55,1
AMRK,-11,-10,smart,35,15:55,1
PLL,-11,-10,smart,35,15:55,1
ASTL,-11,-10,smart,35,15:55,1
NRDS,-11,-10,smart,35,15:55,1
MTTR,-11,-10,smart,35,15:55,1
NAAS,-11,-10,smart,35,15:55,1
ARCT,-11,-10,smart,35,15:55,1
NVRO,-11,-10,smart,35,15:55,1
BLBD,-11,-10,smart,35,15:55,1
BPTS,-11,-10,smart,35,15:55,1
SCVL,-11,-10,smart,35,15:55,1
ALCC,-11,-10,smart,35,15:55,1
CIFR,-11,-10,smart,35,15:55,1
AMAM,-11,-10,smart,35,15:55,1
NNDM,-11,-10,smart,35,15:55,1
PBI,-11,-10,smart,35,15:55,1
PETQ,-11,-10,smart,35,15:55,1
TSNDF,-11,-10,smart,35,15:55,1
BRCC,-11,-10,smart,35,15:55,1
SILV,-11,-10,smart,35,15:55,1
PDM,-11,-10,smart,35,15:55,1
SBGI,-11,-10,smart,35,15:55,1
JPC,-11,-10,smart,35,15:55,1
GSL,-11,-10,smart,35,15:55,1
TCPC,-11,-10,smart,35,15:55,1
FREY,-11,-10,smart,35,15:55,1
RA,-11,-10,smart,35,15:55,1
LIFW,-11,-10,smart,35,15:55,1
WWW,-11,-10,smart,35,15:55,1
RPAY,-11,-10,smart,35,15:55,1
CFFN,-11,-10,smart,35,15:55,1
PHK,-11,-10,smart,35,15:55,1
TSAT,-11,-10,smart,35,15:55,1
DX,-11,-10,smart,35,15:55,1
STEM,-11,-10,smart,35,15:55,1
PUBM,-11,-10,smart,35,15:55,1
LC,-11,-10,smart,35,15:55,1
ACCD,-11,-10,smart,35,15:55,1
ECC,-11,-10,smart,35,15:55,1
SPCE,-11,-10,smart,35,15:55,1
OBE,-11,-10,smart,35,15:55,1
CABA,-11,-10,smart,35,15:55,1
DCGO,-11,-10,smart,35,15:55,1
FAX,-11,-10,smart,35,15:55,1
VTS,-11,-10,smart,35,15:55,1
GNK,-11,-10,smart,35,15:55,1
ZH,-11,-10,smart,35,15:55,1
PFLT,-11,-10,smart,35,15:55,1
VRDN,-11,-10,smart,35,15:55,1
HDSN,-11,-10,smart,35,15:55,1
VVR,-11,-10,smart,35,15:55,1
ADTN,-11,-10,smart,35,15:55,1
PRM,-11,-10,smart,35,15:55,1
CYRX,-11,-10,smart,35,15:55,1
PHAT,-11,-10,smart,35,15:55,1
NRDY,-11,-10,smart,35,15:55,1
IGR,-11,-10,smart,35,15:55,1
TNP,-11,-10,smart,35,15:55,1
ALPN,-11,-10,smart,35,15:55,1
WOW,-11,-10,smart,35,15:55,1
ATEX,-11,-10,smart,35,15:55,1
SWBI,-11,-10,smart,35,15:55,1
CENX,-11,-10,smart,35,15:55,1
GMRE,-11,-10,smart,35,15:55,1
TELL,-11,-10,smart,35,15:55,1
CDMO,-11,-10,smart,35,15:55,1
OABI,-11,-10,smart,35,15:55,1
HOUS,-11,-10,smart,35,15:55,1
EGBN,-11,-10,smart,35,15:55,1
DWAC,-11,-10,smart,35,15:55,1
NLST,-11,-10,smart,35,15:55,1
CCG,-11,-10,smart,35,15:55,1
IMXI,-11,-10,smart,35,15:55,1
BRY,-11,-10,smart,35,15:55,1
EXAI,-11,-10,smart,35,15:55,1
TARS,-11,-10,smart,35,15:55,1
GTN,-11,-10,smart,35,15:55,1
HIBB,-11,-10,smart,35,15:55,1
NR,-11,-10,smart,35,15:55,1
PIII,-11,-10,smart,35,15:55,1
BLFS,-11,-10,smart,35,15:55,1
TK,-11,-10,smart,35,15:55,1
CLSK,-11,-10,smart,35,15:55,1
TRIN,-11,-10,smart,35,15:55,1
EDIT,-11,-10,smart,35,15:55,1
COMM,-11,-10,smart,35,15:55,1
WTI,-11,-10,smart,35,15:55,1
SILK,-11,-10,smart,35,15:55,1
LWLG,-11,-10,smart,35,15:55,1
ARIS,-11,-10,smart,35,15:55,1
VERA,-11,-10,smart,35,15:55,1
VMEO,-11,-10,smart,35,15:55,1
DDD,-11,-10,smart,35,15:55,1
PKST,-11,-10,smart,35,15:55,1
TGI,-11,-10,smart,35,15:55,1
NN,-11,-10,smart,35,15:55,1
TVTX,-11,-10,smart,35,15:55,1
CCO,-11,-10,smart,35,15:55,1
HCAT,-11,-10,smart,35,15:55,1
APPS,-11,-10,smart,35,15:55,1
DYN,-11,-10,smart,35,15:55,1
ALEC,-11,-10,smart,35,15:55,1
TILE,-11,-10,smart,35,15:55,1
AMBC,-11,-10,smart,35,15:55,1
SD,-11,-10,smart,35,15:55,1
HLLY,-11,-10,smart,35,15:55,1
NVRI,-11,-10,smart,35,15:55,1
GGN,-11,-10,smart,35,15:55,1
FCEL,-11,-10,smart,35,15:55,1
BGS,-11,-10,smart,35,15:55,1
APLD,-11,-10,smart,35,15:55,1
WVE,-11,-10,smart,35,15:55,1
THRN,-11,-10,smart,35,15:55,1
CECO,-11,-10,smart,35,15:55,1
ASPN,-11,-10,smart,35,15:55,1
BJRI,-11,-10,smart,35,15:55,1
SMRT,-11,-10,smart,35,15:55,1
MVST,-11,-10,smart,35,15:55,1
GPRK,-11,-10,smart,35,15:55,1
MERC,-11,-10,smart,35,15:55,1
CLOV,-11,-10,smart,35,15:55,1
YSG,-11,-10,smart,35,15:55,1
MAXN,-11,-10,smart,35,15:55,1
PFN,-11,-10,smart,35,15:55,1
BYND,-11,-10,smart,35,15:55,1
RAPT,-11,-10,smart,35,15:55,1
CGC,-11,-10,smart,35,15:55,1
METC,-11,-10,smart,35,15:55,1
HTBK,-11,-10,smart,35,15:55,1
LICY,-11,-10,smart,35,15:55,1
SHYF,-11,-10,smart,35,15:55,1
ASC,-11,-10,smart,35,15:55,1
FPI,-11,-10,smart,35,15:55,1
BGY,-11,-10,smart,35,15:55,1
FDMT,-11,-10,smart,35,15:55,1
AONC,-11,-10,smart,35,15:55,1
WEAV,-11,-10,smart,35,15:55,1
AVXL,-11,-10,smart,35,15:55,1
ANAB,-11,-10,smart,35,15:55,1
MTW,-11,-10,smart,35,15:55,1
NGL,-11,-10,smart,35,15:55,1
SVRA,-11,-10,smart,35,15:55,1
CDLX,-11,-10,smart,35,15:55,1
GLDD,-11,-10,smart,35,15:55,1
CTLP,-11,-10,smart,35,15:55,1
DAO,-11,-10,smart,35,15:55,1
ACCO,-11,-10,smart,35,15:55,1
HROW,-11,-10,smart,35,15:55,1
AMCX,-11,-10,smart,35,15:55,1
ALLO,-11,-10,smart,35,15:55,1
OM,-11,-10,smart,35,15:55,1
MCS,-11,-10,smart,35,15:55,1
EOLS,-11,-10,smart,35,15:55,1
